promedio_notas,asistencia_pct,nivel_socioeconomico,horas_trabajo_semanal,distancia_universidad_km,riesgo_academico,carga_estres,dificultad_traslado,desercion,carga_estres_norm
14.6,100.0,Bajo,11.0,9.99,Bajo,0.0,0,0,0.0
18.5,61.8,Bajo,23.0,4.51,Bajo,12.606000000000002,0,0,0.36219974715549946
5.2,59.6,Medio,26.0,20.95,Alto,10.503999999999998,1,1,0.3018043902999655
8.3,64.9,Medio,18.0,23.18,Alto,6.318,1,1,0.18153085852200898
10.6,99.0,Bajo,29.0,50.0,Bajo,0.29,1,0,0.008332375589012758
13.7,91.0,Alto,32.0,8.68,Bajo,2.88,0,0,0.08274910929778187
18.5,77.7,Medio,46.0,2.6,Bajo,10.258,0,0,0.29473623721411335
10.2,88.8,Bajo,24.0,22.72,Bajo,2.6880000000000006,1,0,0.0772325020112631
11.3,74.8,Alto,30.0,8.9,Bajo,7.560000000000001,0,0,0.21721641190667745
12.3,53.8,Medio,9.0,6.33,Bajo,4.158,0,0,0.11946902654867259
5.3,53.2,Medio,19.0,6.84,Alto,8.892,0,0,0.2554878749569015
15.4,76.5,Medio,16.0,2.18,Bajo,3.76,0,0,0.108033559360993
12.6,100.0,Medio,38.0,12.35,Bajo,0.0,0,0,0.0
14.1,96.9,Alto,47.0,10.2,Bajo,1.4569999999999974,0,0,0.04186300425238471
8.8,65.2,Bajo,25.0,1.0,Alto,8.7,0,0,0.24997126767038272
11.1,81.7,Bajo,33.0,3.58,Bajo,6.038999999999999,0,0,0.17351453855878635
11.4,70.5,Medio,36.0,1.0,Bajo,10.62,0,0,0.3051373405355706
13.5,72.3,Bajo,5.0,20.98,Bajo,1.385,1,0,0.03979427651994024
11.8,85.4,Bajo,43.0,1.33,Bajo,6.277999999999997,0,0,0.18038156533731747
14.3,74.2,Bajo,29.0,13.55,Bajo,7.481999999999999,0,0,0.21497529019652914
9.2,68.9,Bajo,19.0,1.0,Alto,5.908999999999999,0,0,0.16977933570853923
0.0,81.8,Medio,28.0,2.22,Bajo,5.096000000000001,0,0,0.14641995172968628
10.9,75.6,Bajo,37.0,5.89,Bajo,9.028000000000002,0,0,0.2593954717848524
12.5,77.9,Bajo,27.0,11.06,Bajo,5.966999999999998,0,0,0.17144581082634175
15.0,89.5,Bajo,6.0,2.22,Bajo,0.63,0,0,0.018101367658889787
11.1,69.7,Medio,31.0,4.77,Bajo,9.392999999999999,0,0,0.2698827720951615
16.8,63.4,Alto,33.0,10.07,Bajo,12.078,0,0,0.3470290771175727
11.4,77.7,Alto,39.0,27.55,Bajo,8.697,1,0,0.24988507068153087
15.8,85.8,Medio,4.0,13.21,Bajo,0.5680000000000001,0,0,0.016319963222618094
10.2,54.7,Medio,46.0,1.82,Alto,20.837999999999997,0,1,0.5987242845649925
13.8,81.9,Alto,32.0,7.58,Bajo,5.791999999999998,0,0,0.16641765314331683
17.6,70.9,Bajo,27.0,11.52,Bajo,7.856999999999998,0,0,0.22574991380301113
7.1,52.2,Bajo,12.0,20.99,Alto,5.735999999999999,1,1,0.16480864268474887
8.6,82.9,Alto,28.0,2.32,Bajo,4.7879999999999985,0,0,0.1375703942075623
10.5,78.9,Medio,44.0,4.46,Bajo,9.283999999999997,0,0,0.26675094816687733
5.6,61.5,Medio,0.0,18.3,Alto,0.0,1,0,0.0
10.3,80.3,Alto,17.0,12.76,Bajo,3.349,0,0,0.09622457188828872
14.3,74.6,Medio,23.0,13.94,Bajo,5.842000000000001,0,0,0.16785426962418118
14.7,65.0,Medio,7.0,6.82,Bajo,2.45,0,0,0.07039420756234917
8.2,58.8,Alto,8.0,3.54,Alto,3.2960000000000003,0,0,0.09470175841857259
11.5,92.5,Bajo,43.0,1.7,Bajo,3.225,0,0,0.09266176301574533
14.0,86.5,Bajo,31.0,1.85,Bajo,4.185,0,0,0.12024479944833927
17.0,97.1,Alto,38.0,6.5,Bajo,1.102000000000002,0,0,0.03166302723824854
11.1,56.5,Medio,40.0,1.63,Bajo,17.4,0,0,0.49994253534076544
12.2,44.4,Medio,38.0,16.22,Bajo,21.128,1,1,0.6070566601540054
13.0,100.0,Bajo,47.0,1.0,Bajo,0.0,0,0,0.0
12.3,60.6,Medio,42.0,17.64,Bajo,16.548,1,0,0.4754625905068383
12.5,41.9,Alto,36.0,1.0,Bajo,20.916,0,0,0.6009654062751408
12.5,81.8,Medio,38.0,19.17,Bajo,6.916000000000001,1,0,0.19871279163314567
15.4,78.3,Medio,38.0,5.13,Bajo,8.246000000000002,0,0,0.23692679002413525
8.4,71.6,Bajo,27.0,2.34,Bajo,7.668000000000002,0,0,0.2203195035053443
6.9,76.3,Medio,39.0,6.29,Bajo,9.243,0,0,0.2655729226525687
13.7,74.1,Alto,11.0,22.08,Bajo,2.849000000000001,1,0,0.08185840707964606
10.1,62.5,Bajo,15.0,1.0,Alto,5.625,0,1,0.16161935409723022
18.6,100.0,Alto,45.0,9.35,Bajo,0.0,0,0,0.0
12.5,71.7,Bajo,23.0,3.74,Bajo,6.5089999999999995,0,0,0.1870187334789105
13.8,100.0,Bajo,18.0,17.66,Bajo,0.0,1,0,0.0
18.1,71.3,Medio,23.0,9.71,Bajo,6.601,0,0,0.18966210780370074
8.1,83.5,Bajo,41.0,10.95,Bajo,6.765,0,0,0.19437420986093554
14.0,70.6,Medio,42.0,1.0,Bajo,12.348000000000003,0,0,0.35478680611423985
10.9,83.5,Alto,10.0,10.9,Bajo,1.65,0,0,0.047408343868520865
6.8,70.5,Medio,18.0,25.5,Bajo,5.31,1,0,0.1525686702677853
7.7,64.9,Bajo,21.0,23.59,Alto,7.370999999999999,1,1,0.21178600160901045
13.4,52.9,Alto,26.0,4.07,Bajo,12.246000000000002,0,0,0.35185610849327675
14.6,61.2,Bajo,12.0,5.5,Bajo,4.656,0,0,0.1337777266980807
14.3,78.9,Alto,13.0,3.75,Bajo,2.7429999999999994,0,0,0.07881278014021376
15.4,62.0,Bajo,31.0,8.49,Bajo,11.78,0,0,0.33846684289162166
14.6,98.7,Medio,24.0,1.0,Bajo,0.31199999999999933,0,0,0.008964486840593018
12.2,51.9,Bajo,30.0,10.51,Bajo,14.43,0,0,0.41460751637742793
8.1,80.4,Alto,22.0,17.38,Bajo,4.3119999999999985,1,0,0.12389380530973448
18.7,89.2,Bajo,13.0,35.53,Bajo,1.4039999999999997,1,0,0.04034019078266866
10.8,65.5,Medio,42.0,2.81,Alto,14.49,0,0,0.41633145615446504
20.0,61.4,Alto,1.0,1.0,Bajo,0.386,0,0,0.011090679232272154
5.4,73.0,Alto,16.0,1.05,Bajo,4.32,0,0,0.12412366394667282
16.8,86.4,Alto,33.0,21.42,Bajo,4.487999999999999,1,0,0.1289506953223767
12.4,83.2,Alto,4.0,13.77,Bajo,0.6719999999999999,0,0,0.019308125502815767
17.2,93.4,Medio,16.0,22.96,Bajo,1.0559999999999992,1,0,0.03034134007585333
15.6,73.7,Medio,2.0,16.3,Bajo,0.5259999999999999,1,0,0.015113205378692103
8.2,48.2,Medio,20.0,9.65,Alto,10.36,0,0,0.29766693483507645
11.2,68.2,Medio,41.0,16.96,Bajo,13.038,1,0,0.3746121135501667
14.0,48.5,Bajo,4.0,8.34,Bajo,2.06,0,0,0.05918859901160787
9.1,80.2,Medio,35.0,33.26,Bajo,6.929999999999999,1,0,0.19911504424778761
8.9,54.2,Bajo,30.0,6.24,Alto,13.74,0,1,0.394782208941501
11.4,48.8,Bajo,4.0,6.91,Bajo,2.048,0,0,0.05884381105620044
14.8,81.1,Bajo,6.0,11.47,Bajo,1.1340000000000003,0,0,0.032582461786001625
14.1,75.8,Alto,0.0,4.7,Bajo,0.0,0,0,0.0
5.3,77.2,Alto,9.0,2.64,Bajo,2.052,0,0,0.05895874037466959
7.7,97.3,Bajo,18.0,2.39,Bajo,0.4860000000000005,0,0,0.013963912194000705
18.5,89.9,Medio,17.0,1.0,Bajo,1.716999999999999,0,0,0.04933340995287896
13.4,60.6,Medio,20.0,7.1,Bajo,7.88,0,0,0.22641075738420874
16.1,100.0,Medio,41.0,10.13,Bajo,0.0,0,0,0.0
12.5,83.1,Alto,16.0,1.0,Bajo,2.704000000000001,0,0,0.07769221928513968
10.6,100.0,Alto,45.0,3.36,Bajo,0.0,0,0,0.0
12.6,85.8,Medio,36.0,19.08,Bajo,5.112000000000001,1,0,0.14687966900356286
6.4,47.3,Medio,9.0,4.41,Alto,4.743,0,0,0.13627743937478454
14.0,67.1,Alto,10.0,2.57,Bajo,3.2900000000000005,0,0,0.09452936444086889
17.7,82.2,Bajo,42.0,19.18,Bajo,7.475999999999999,1,0,0.21480289621882542
14.5,65.2,Medio,46.0,10.63,Bajo,16.008,0,0,0.4599471325135042
9.7,88.6,Alto,16.0,2.8,Bajo,1.824000000000001,0,0,0.052407769221928545
15.0,87.6,Bajo,39.0,43.67,Bajo,4.836000000000002,1,0,0.13894954602919213
10.8,58.8,Medio,43.0,4.3,Alto,17.716,0,1,0.5090219514998277
13.8,76.1,Alto,21.0,9.97,Bajo,5.019000000000001,0,0,0.14420756234915533
13.3,99.8,Medio,23.0,5.79,Bajo,0.04600000000000065,0,0,0.001321687162395146
12.2,43.9,Alto,22.0,5.35,Bajo,12.342,0,0,0.3546144121365361
12.2,56.9,Bajo,10.0,8.99,Bajo,4.31,0,0,0.12383634065049995
8.3,68.5,Bajo,23.0,3.09,Alto,7.245,0,1,0.20816572807723252
13.5,71.2,Medio,1.0,1.0,Bajo,0.288,0,0,0.008274910929778187
14.8,100.0,Medio,30.0,17.44,Bajo,0.0,1,0,0.0
7.7,78.9,Bajo,5.0,1.34,Bajo,1.0549999999999997,0,0,0.03031260774623606
14.2,64.8,Medio,15.0,8.24,Bajo,5.28,0,0,0.15170670037926678
8.1,42.1,Bajo,37.0,1.0,Alto,21.423,0,1,0.6155326973911045
5.9,86.2,Bajo,9.0,19.57,Bajo,1.2419999999999998,1,0,0.035685553384668424
5.7,76.4,Bajo,37.0,16.17,Bajo,8.731999999999998,1,1,0.2508907022181358
5.2,80.1,Alto,31.0,1.0,Bajo,6.169000000000002,0,0,0.17724974140903352
14.6,73.2,Medio,0.0,4.92,Bajo,0.0,0,0,0.0
16.8,61.9,Medio,45.0,2.44,Bajo,17.145,0,0,0.4926157912883577
12.7,64.9,Bajo,16.0,5.87,Bajo,5.615999999999999,0,0,0.16136076313067463
13.4,89.6,Medio,18.0,16.0,Bajo,1.872000000000001,1,0,0.05378692104355825
17.2,78.6,Medio,19.0,3.27,Bajo,4.066000000000002,0,0,0.11682565222388237
14.0,68.1,Bajo,21.0,7.03,Bajo,6.699000000000001,0,0,0.19247787610619474
11.5,89.1,Medio,40.0,12.32,Bajo,4.360000000000002,0,0,0.1252729571313643
9.5,80.2,Medio,12.0,4.48,Bajo,2.3759999999999994,0,0,0.06826801517067003
9.1,95.8,Medio,41.0,32.11,Bajo,1.722000000000001,1,0,0.04947707160096544
16.0,93.2,Bajo,35.0,2.05,Bajo,2.379999999999999,0,0,0.06838294448913916
15.2,91.6,Medio,38.0,2.57,Bajo,3.192000000000002,0,0,0.09171359613837497
9.8,81.9,Alto,7.0,8.4,Bajo,1.2669999999999997,0,0,0.03640386162510056
17.0,80.3,Medio,43.0,8.3,Bajo,8.471000000000002,0,0,0.24339156418802446
11.7,67.4,Medio,34.0,13.41,Bajo,11.083999999999998,0,0,0.318469141477991
13.6,87.3,Bajo,35.0,9.09,Bajo,4.445000000000001,0,0,0.12771520514883353
10.3,92.1,Medio,2.0,11.27,Bajo,0.1580000000000001,0,0,0.004539708079531093
15.5,91.7,Medio,28.0,5.82,Bajo,2.3239999999999994,0,0,0.06677393403057119
10.3,82.7,Medio,42.0,7.79,Bajo,7.265999999999999,0,0,0.2087691069991955
17.7,67.6,Medio,4.0,1.12,Bajo,1.2960000000000003,0,0,0.03723709918400185
12.1,100.0,Bajo,21.0,25.4,Bajo,0.0,1,0,0.0
6.6,81.4,Bajo,5.0,1.0,Bajo,0.9299999999999997,0,0,0.026721066544075387
8.8,79.0,Bajo,22.0,1.0,Bajo,4.62,0,0,0.13274336283185842
11.1,85.3,Bajo,13.0,1.46,Bajo,1.9110000000000003,0,0,0.05490748189863236
16.3,83.5,Medio,1.0,14.51,Bajo,0.165,0,0,0.004740834386852087
15.4,45.2,Bajo,47.0,6.94,Bajo,25.756,0,0,0.740029881622802
12.2,60.9,Bajo,38.0,7.84,Bajo,14.857999999999999,0,0,0.42690495345362606
16.5,50.8,Bajo,23.0,40.68,Bajo,11.316,1,0,0.3251350419492013
14.8,83.3,Medio,17.0,13.52,Bajo,2.8390000000000004,0,0,0.08157108378347319
12.5,88.1,Medio,10.0,6.76,Bajo,1.1900000000000006,0,0,0.03419147224456961
7.2,64.2,Medio,6.0,35.73,Alto,2.1479999999999997,1,0,0.06171704401792897
11.5,84.9,Medio,18.0,2.53,Bajo,2.717999999999999,0,0,0.07809447189978162
13.3,83.2,Bajo,14.0,2.0,Bajo,2.3519999999999994,0,0,0.06757843925985518
12.4,59.1,Bajo,3.0,10.14,Bajo,1.2269999999999999,0,0,0.03525456844040915
11.7,74.9,Bajo,22.0,1.24,Bajo,5.5219999999999985,0,0,0.15865992414664978
8.5,55.5,Bajo,7.0,6.16,Alto,3.115,0,1,0.08950120675784394
8.7,89.8,Bajo,0.0,8.88,Bajo,0.0,0,0,0.0
12.5,52.6,Bajo,33.0,2.03,Bajo,15.642000000000001,0,0,0.4494310998735778
19.4,75.6,Medio,24.0,1.0,Bajo,5.856000000000002,0,0,0.1682565222388232
7.2,55.5,Alto,31.0,12.54,Alto,13.795,0,0,0.39636248707045174
15.0,62.9,Bajo,7.0,1.94,Bajo,2.597,0,0,0.07461786001609011
11.9,93.8,Medio,9.0,18.03,Bajo,0.5580000000000003,1,0,0.016032639926445245
17.8,82.5,Medio,46.0,4.44,Bajo,8.05,0,0,0.23129525341914728
20.0,72.8,Medio,43.0,5.32,Bajo,11.696000000000002,0,0,0.3360533272037698
12.5,77.3,Medio,32.0,4.98,Bajo,7.264000000000001,0,0,0.20871164233996098
14.9,69.2,Medio,32.0,1.0,Bajo,9.856,0,0,0.28318584070796465
13.7,89.7,Alto,4.0,15.28,Bajo,0.41199999999999987,1,0,0.01183771980232157
15.2,82.9,Medio,18.0,1.0,Bajo,3.077999999999999,0,0,0.08843811056200435
14.4,44.5,Alto,22.0,10.07,Bajo,12.21,0,0,0.35082174462705445
6.8,58.2,Medio,38.0,4.43,Alto,15.883999999999999,0,1,0.4563843236409608
8.3,83.1,Bajo,35.0,2.61,Bajo,5.915000000000003,0,0,0.16995172968624306
15.8,76.7,Medio,25.0,1.0,Bajo,5.824999999999999,0,0,0.16736582002068728
7.0,100.0,Alto,4.0,17.53,Bajo,0.0,1,0,0.0
8.4,51.3,Medio,34.0,4.62,Alto,16.558000000000003,0,1,0.4757499138030113
12.3,51.9,Bajo,0.0,11.68,Bajo,0.0,0,0,0.0
8.3,70.8,Bajo,21.0,3.07,Bajo,6.132000000000001,0,0,0.1761866452131939
17.3,81.6,Bajo,20.0,2.99,Bajo,3.680000000000001,0,0,0.10573497299161021
12.3,54.0,Bajo,16.0,9.38,Bajo,7.36,0,0,0.21146994598322036
13.1,69.3,Alto,21.0,1.92,Bajo,6.447,0,0,0.18523732904263882
12.4,78.8,Medio,28.0,35.88,Bajo,5.936000000000002,1,0,0.17055510860820602
10.0,61.4,Medio,38.0,1.97,Alto,14.668,0,0,0.4214458108263418
13.8,73.1,Medio,14.0,14.2,Bajo,3.766000000000001,0,0,0.10820595333869674
10.5,90.3,Medio,3.0,10.1,Bajo,0.2910000000000001,0,0,0.008361107918630047
13.2,47.8,Medio,1.0,4.11,Bajo,0.522,0,0,0.014998276060222965
9.7,94.1,Medio,3.0,11.69,Bajo,0.17700000000000016,0,0,0.005085622342259516
13.2,76.4,Alto,24.0,4.56,Bajo,5.663999999999999,0,0,0.16273991495230433
11.3,66.3,Medio,40.0,6.5,Bajo,13.48,0,0,0.38731180324100684
17.3,63.7,Bajo,33.0,31.15,Bajo,11.979,1,0,0.34418457648546147
18.8,64.3,Alto,33.0,26.04,Bajo,11.781,1,0,0.338495575221239
8.7,71.8,Bajo,8.0,10.75,Bajo,2.2560000000000002,0,0,0.0648201356165958
12.3,74.7,Medio,39.0,19.21,Bajo,9.866999999999999,1,0,0.2835018963337548
14.2,40.1,Bajo,30.0,1.0,Bajo,17.97,0,0,0.5163199632226181
15.5,79.9,Bajo,8.0,16.94,Bajo,1.6079999999999997,1,1,0.04620158602459487
9.7,70.4,Medio,16.0,1.0,Bajo,4.735999999999999,0,0,0.13607631306746348
12.3,96.0,Bajo,37.0,3.44,Bajo,1.48,0,0,0.04252384783358235
12.2,98.2,Bajo,15.0,4.67,Bajo,0.2699999999999996,0,0,0.007757728996667038
14.7,89.5,Alto,32.0,1.0,Bajo,3.36,0,0,0.09654062751407885
9.8,55.5,Medio,19.0,1.7,Alto,8.455,0,0,0.24293184691414782
8.6,44.8,Bajo,47.0,1.75,Alto,25.944000000000003,0,1,0.7454315595908518
10.1,88.8,Medio,12.0,13.53,Bajo,1.3440000000000003,0,0,0.03861625100563155
10.3,47.2,Bajo,25.0,50.0,Alto,13.2,1,1,0.3792667509481669
11.8,43.0,Bajo,17.0,9.61,Bajo,9.69,0,0,0.27841627399149527
9.4,79.5,Bajo,16.0,50.0,Bajo,3.28,1,0,0.09424204114469602
11.4,60.1,Alto,10.0,5.47,Bajo,3.99,0,0,0.11464199517296865
11.5,70.4,Medio,20.0,11.3,Bajo,5.919999999999999,0,0,0.17009539133432938
16.0,100.0,Bajo,40.0,5.44,Bajo,0.0,0,0,0.0
8.9,65.5,Bajo,22.0,10.2,Alto,7.59,0,0,0.21807838179519598
13.5,75.9,Bajo,40.0,6.08,Bajo,9.639999999999997,0,0,0.2769796575106309
13.4,56.4,Alto,40.0,1.15,Bajo,17.44,0,0,0.501091828525457
11.0,80.0,Alto,15.0,8.31,Bajo,3.0,0,0,0.08619698885185612
18.8,63.0,Alto,21.0,9.96,Bajo,7.77,0,0,0.22325020112630733
15.4,76.2,Medio,30.0,2.2,Bajo,7.139999999999999,0,0,0.20514883346741752
16.3,100.0,Medio,46.0,26.35,Bajo,0.0,1,0,0.0
9.1,53.3,Bajo,9.0,1.75,Alto,4.203,0,0,0.12076198138145043
19.4,86.6,Bajo,22.0,22.38,Bajo,2.9480000000000013,1,1,0.08470290771175731
16.9,51.3,Medio,17.0,35.33,Bajo,8.279000000000002,1,0,0.23787495690150565
16.0,78.8,Bajo,1.0,4.28,Bajo,0.21200000000000002,0,0,0.0060912538788645
13.1,91.0,Medio,33.0,9.86,Bajo,2.97,0,0,0.08533501896333756
13.6,74.3,Alto,4.0,13.01,Bajo,1.028,0,0,0.029536834846569365
10.5,100.0,Alto,36.0,4.0,Bajo,0.0,0,0,0.0
14.1,83.0,Bajo,23.0,4.73,Bajo,1.53,0,0,0.04396046431444662
9.1,72.6,Medio,13.0,1.98,Bajo,3.5620000000000003,0,0,0.10234455809677051
8.0,69.5,Medio,32.0,12.56,Alto,9.76,0,0,0.28042753706470525
13.7,76.4,Alto,6.0,2.91,Bajo,1.4159999999999997,0,0,0.04068497873807608
6.6,41.0,Medio,40.0,3.65,Alto,23.6,0,1,0.6780829789679348
13.8,43.2,Bajo,0.0,2.31,Bajo,0.0,0,0,0.0
8.2,67.6,Bajo,26.0,1.0,Alto,8.424000000000001,0,1,0.242041144696012
17.2,88.2,Alto,9.0,4.18,Bajo,1.0619999999999998,0,0,0.030513734053557062
11.5,100.0,Medio,17.0,11.41,Bajo,0.0,0,0,0.0
12.7,61.6,Bajo,43.0,12.72,Bajo,16.512,0,0,0.47442822664061607
7.4,60.0,Bajo,34.0,23.63,Alto,13.6,1,1,0.39075968279508105
6.3,76.1,Bajo,23.0,1.0,Bajo,9.560000000000002,0,0,0.27468107114124823
9.9,58.9,Medio,12.0,1.58,Alto,4.932,0,0,0.14170784967245148
4.3,84.7,Alto,10.0,2.66,Bajo,1.5299999999999998,0,0,0.04396046431444661
7.5,73.9,Medio,1.0,4.77,Bajo,0.26099999999999995,0,0,0.007499138030111481
12.1,64.8,Alto,18.0,15.09,Bajo,6.336,1,0,0.18204804045512013
11.7,59.1,Medio,25.0,19.02,Bajo,10.225,1,0,0.2937880703367429
15.2,56.8,Medio,42.0,1.0,Bajo,18.144000000000002,0,0,0.5213193885760259
9.2,59.4,Alto,10.0,21.62,Alto,4.06,1,1,0.1166532582461786
9.9,100.0,Medio,28.0,11.77,Bajo,0.0,0,0,0.0
12.0,81.0,Bajo,15.0,17.64,Bajo,2.85,1,0,0.08188713940926332
16.9,67.8,Alto,25.0,6.01,Bajo,8.05,0,0,0.23129525341914728
19.7,66.7,Bajo,26.0,3.55,Bajo,8.658,0,0,0.24876450982645673
6.4,57.8,Bajo,15.0,1.0,Alto,6.33,0,0,0.18187564647741641
13.7,85.9,Medio,42.0,1.0,Bajo,5.921999999999998,0,0,0.17015285599356392
12.2,46.0,Medio,18.0,14.6,Bajo,9.72,0,0,0.2792782438800138
16.4,54.3,Bajo,25.0,34.16,Bajo,11.425,1,0,0.3282668658774854
15.2,93.8,Bajo,32.0,20.01,Bajo,1.9840000000000009,1,0,0.05700494196069421
11.2,87.2,Medio,4.0,8.9,Bajo,0.5119999999999999,0,0,0.014710952764050107
11.6,63.2,Bajo,12.0,5.55,Bajo,4.4159999999999995,0,0,0.1268819675899322
6.3,67.9,Medio,36.0,19.47,Alto,11.556,1,1,0.3320308010573497
13.7,76.3,Alto,44.0,5.57,Bajo,10.428000000000003,0,0,0.2996207332490519
20.0,46.3,Bajo,46.0,22.13,Bajo,24.702,1,1,0.7097460062061833
17.2,68.5,Bajo,29.0,1.0,Bajo,9.135,0,0,0.26246983105390187
13.6,60.3,Bajo,37.0,9.23,Bajo,14.689,0,0,0.42204918974830485
13.2,62.8,Medio,8.0,35.41,Bajo,2.9760000000000004,1,0,0.08550741294104128
16.3,77.1,Medio,33.0,5.83,Bajo,7.557000000000001,0,0,0.2171302149178256
8.3,88.9,Medio,38.0,4.16,Bajo,4.217999999999998,0,0,0.12119296632570965
12.9,53.2,Alto,34.0,1.0,Bajo,15.911999999999999,0,0,0.4571888288702448
15.8,67.4,Medio,20.0,24.24,Bajo,6.519999999999999,1,0,0.18733478910470058
17.9,72.0,Bajo,26.0,1.82,Bajo,7.28,0,0,0.2091713596138375
14.5,80.4,Medio,27.0,7.58,Bajo,5.291999999999998,0,0,0.15205148833467413
7.0,52.7,Medio,29.0,42.2,Alto,13.716999999999999,1,1,0.3941213653603034
9.9,99.7,Medio,20.0,1.14,Bajo,0.05999999999999943,0,0,0.001723939777037106
12.9,86.5,Alto,33.0,3.1,Bajo,4.455,0,0,0.12800252844500634
10.4,78.0,Bajo,22.0,1.0,Bajo,4.84,0,0,0.1390644753476612
13.3,81.0,Alto,3.0,1.5,Bajo,0.57,0,0,0.01637742788185266
12.6,85.8,Alto,13.0,2.46,Bajo,1.8460000000000003,0,0,0.053039880473508806
15.7,74.8,Bajo,30.0,20.29,Bajo,7.560000000000001,1,1,0.21721641190667745
11.0,63.3,Medio,35.0,36.46,Bajo,12.845,1,0,0.36906677393403065
7.1,87.7,Medio,34.0,8.4,Bajo,4.1819999999999995,0,0,0.12015860245948741
10.5,60.6,Medio,35.0,5.07,Alto,13.79,0,0,0.39621882542236525
8.8,69.0,Bajo,23.0,5.35,Alto,7.13,0,1,0.2048615101712447
14.4,73.4,Alto,33.0,6.14,Bajo,8.777999999999999,0,0,0.252212389380531
6.3,53.5,Medio,23.0,5.95,Alto,10.695,0,0,0.3072922652568671
16.5,51.4,Medio,32.0,5.35,Bajo,15.552,0,0,0.4468451902080221
16.5,75.8,Bajo,12.0,1.0,Bajo,2.9040000000000004,0,0,0.08343868520859674
17.4,55.7,Alto,28.0,31.53,Bajo,12.403999999999998,1,0,0.3563958165728077
17.3,81.8,Alto,9.0,10.89,Bajo,1.6380000000000001,0,0,0.047063555913113446
7.9,82.1,Alto,28.0,1.16,Bajo,5.012000000000001,0,0,0.14400643604183433
6.2,55.7,Medio,41.0,21.19,Alto,18.163,1,1,0.5218653028387542
15.9,62.8,Alto,7.0,1.91,Bajo,2.6040000000000005,0,0,0.07481898632341112
11.1,66.7,Bajo,29.0,10.08,Bajo,9.657,0,0,0.27746810711412484
12.9,79.3,Bajo,32.0,1.17,Bajo,6.6240000000000006,0,0,0.19032295138489833
8.6,100.0,Medio,0.0,1.0,Bajo,0.0,0,0,0.0
17.6,69.1,Bajo,9.0,8.66,Bajo,2.781,0,0,0.07990460866567063
13.4,73.6,Medio,31.0,9.48,Bajo,8.184000000000003,0,0,0.23514538558786358
11.3,54.5,Bajo,20.0,7.33,Bajo,9.1,0,0,0.2614641995172969
14.3,85.7,Bajo,36.0,17.07,Bajo,5.148,1,1,0.14791403286978508
9.0,76.5,Bajo,36.0,1.0,Bajo,8.46,0,0,0.24307550856223428
14.7,77.9,Bajo,18.0,5.24,Bajo,3.977999999999999,0,0,0.11429720721756118
9.4,65.7,Medio,14.0,9.37,Alto,4.802,0,0,0.13797264682220434
11.8,77.5,Bajo,23.0,7.6,Bajo,5.175,0,0,0.1486898057694518
8.9,66.6,Medio,30.0,10.85,Alto,10.020000000000003,0,0,0.28789794276519953
18.6,74.4,Medio,7.0,17.78,Bajo,1.7919999999999996,1,0,0.05148833467417538
8.5,78.7,Alto,23.0,1.14,Bajo,1.4909999999999997,0,0,0.04283990345937248
10.6,38.1,Bajo,42.0,14.45,Alto,25.997999999999998,0,1,0.7469831053901851
12.9,94.8,Medio,36.0,1.0,Bajo,1.872000000000001,0,0,0.05378692104355825
11.2,79.2,Medio,25.0,1.52,Bajo,5.199999999999999,0,0,0.1494081140098839
12.6,79.6,Alto,1.0,2.59,Bajo,0.20400000000000007,0,0,0.005861395241926218
11.0,78.7,Bajo,12.0,5.58,Bajo,2.5559999999999996,0,0,0.0734398345017814
14.6,73.3,Medio,45.0,8.29,Bajo,12.015000000000002,0,0,0.3452189403516838
10.5,65.9,Bajo,17.0,2.07,Alto,5.797,0,1,0.1665613147914033
16.2,67.0,Medio,17.0,13.84,Bajo,5.61,0,0,0.16118836915297094
17.3,68.2,Bajo,2.0,5.98,Bajo,0.6359999999999999,0,0,0.018273761636593493
9.8,82.7,Bajo,23.0,4.66,Bajo,3.978999999999999,0,0,0.11432593954717847
14.1,86.8,Medio,47.0,4.11,Bajo,6.204000000000001,0,0,0.17825537294563848
9.8,86.2,Bajo,14.0,5.66,Bajo,1.9319999999999995,0,0,0.05551086082059532
17.8,71.7,Bajo,9.0,16.79,Bajo,2.5469999999999997,1,0,0.07318124353522584
13.1,73.6,Bajo,4.0,2.59,Bajo,1.0560000000000003,0,0,0.030341340075853363
7.1,73.1,Medio,25.0,12.44,Bajo,6.725000000000001,0,0,0.19322491667624417
17.4,88.5,Medio,40.0,9.26,Bajo,4.6,0,0,0.1321687162395127
12.9,83.5,Bajo,7.0,5.65,Bajo,1.155,0,0,0.033185840707964605
11.0,100.0,Bajo,19.0,33.32,Bajo,0.0,1,0,0.0
4.1,70.4,Bajo,29.0,11.0,Bajo,8.583999999999998,0,0,0.24663831743477757
6.2,87.9,Bajo,33.0,5.24,Bajo,3.9929999999999986,0,0,0.11472819216182045
15.3,83.3,Bajo,32.0,2.29,Bajo,5.344000000000001,0,0,0.15354556947477307
8.6,69.4,Bajo,31.0,11.06,Alto,9.485999999999997,0,1,0.27255487874956896
7.4,69.0,Bajo,10.0,1.0,Alto,3.1,0,0,0.08907022181358466
15.7,72.3,Alto,33.0,5.03,Bajo,9.141000000000002,0,0,0.26264222503160567
16.5,82.5,Medio,4.0,14.07,Bajo,0.7,0,0,0.02011263073209976
9.9,93.3,Bajo,13.0,20.22,Bajo,0.8710000000000003,1,0,0.02502585909665557
11.9,65.7,Medio,19.0,41.46,Bajo,6.5169999999999995,1,0,0.18724859211584877
18.2,65.1,Bajo,35.0,22.86,Bajo,12.215000000000002,1,1,0.3509654062751409
14.6,36.8,Medio,39.0,5.74,Bajo,24.648000000000003,0,0,0.70819446040685
14.2,94.7,Medio,8.0,3.53,Bajo,0.42399999999999977,0,0,0.012182507757728991
11.3,71.7,Alto,14.0,17.51,Bajo,3.9619999999999993,1,0,0.11383748994368463
8.6,73.1,Medio,2.0,10.76,Bajo,0.5380000000000001,0,0,0.015457993334099534
13.9,68.6,Alto,2.0,50.0,Bajo,0.6280000000000001,1,0,0.018043902999655217
10.2,86.2,Alto,32.0,17.74,Bajo,4.4159999999999995,1,0,0.1268819675899322
8.3,90.1,Bajo,10.0,1.0,Bajo,0.9900000000000005,0,0,0.028445006321112534
16.7,98.7,Bajo,30.0,23.52,Bajo,0.3899999999999991,1,0,0.011205608550741271
11.8,65.8,Medio,23.0,3.33,Bajo,7.8660000000000005,0,0,0.22600850476956677
14.1,58.3,Alto,36.0,14.73,Bajo,15.012,0,0,0.431329732214688
12.5,74.6,Alto,34.0,5.74,Bajo,8.636000000000001,0,0,0.2481323985748765
10.5,51.3,Medio,36.0,1.0,Alto,17.532,0,1,0.5037352028502472
17.7,75.6,Medio,12.0,23.16,Bajo,2.928000000000001,1,0,0.0841282611194116
13.3,80.1,Bajo,8.0,9.13,Bajo,1.5920000000000005,0,0,0.045741868750718326
11.5,75.1,Bajo,14.0,10.33,Bajo,3.4860000000000007,0,0,0.10016090104585683
11.7,59.5,Medio,2.0,18.85,Bajo,0.81,1,0,0.023273186990001155
8.2,98.4,Medio,38.0,1.25,Bajo,0.6079999999999979,0,0,0.017469256407309446
10.0,64.9,Medio,42.0,2.25,Alto,14.741999999999997,0,0,0.4235720032180209
8.9,62.2,Bajo,17.0,1.0,Alto,6.425999999999999,0,0,0.1846339501206758
13.6,96.1,Medio,5.0,27.08,Bajo,0.19500000000000028,1,0,0.005602804275370656
11.1,100.0,Bajo,42.0,9.36,Bajo,0.0,0,0,0.0
17.0,41.5,Alto,36.0,10.95,Bajo,21.06,0,0,0.6051028617400299
16.1,81.5,Medio,11.0,1.0,Bajo,2.035,0,0,0.058470290771175736
18.4,80.1,Medio,8.0,7.57,Bajo,1.5920000000000005,0,0,0.045741868750718326
10.6,77.0,Medio,32.0,30.33,Bajo,7.36,1,0,0.21146994598322036
7.9,92.5,Bajo,25.0,11.94,Bajo,1.875,0,0,0.05387311803241007
13.6,70.9,Alto,47.0,7.02,Bajo,13.676999999999998,0,0,0.392972072175612
8.6,91.5,Bajo,14.0,2.07,Bajo,1.19,0,0,0.034191472244569594
13.5,56.2,Alto,40.0,2.93,Bajo,17.52,0,0,0.5033904148948397
14.4,55.4,Medio,36.0,7.49,Bajo,16.056,0,0,0.46132628433513395
12.7,69.7,Medio,24.0,9.91,Bajo,7.271999999999999,0,0,0.2089415009768992
8.5,47.5,Alto,34.0,25.97,Alto,17.85,1,1,0.512872083668544
10.1,73.4,Bajo,4.0,1.0,Bajo,1.0639999999999998,0,0,0.030571198712791632
10.4,46.9,Bajo,13.0,8.59,Alto,6.9030000000000005,0,1,0.19833927134812093
16.4,83.6,Medio,40.0,1.76,Bajo,6.560000000000002,0,0,0.18848408228939212
13.2,84.2,Alto,27.0,8.77,Bajo,4.265999999999999,0,0,0.12257211814733937
8.6,75.6,Bajo,23.0,9.14,Bajo,9.272000000000002,0,0,0.26640616021147
9.6,91.3,Bajo,31.0,11.26,Bajo,2.697000000000001,0,0,0.07749109297781868
11.4,93.1,Bajo,43.0,5.54,Bajo,2.9670000000000027,0,0,0.08524882197448579
11.5,69.2,Medio,5.0,2.42,Bajo,1.54,0,0,0.044247787610619475
18.3,78.4,Bajo,23.0,17.47,Bajo,4.967999999999998,1,0,0.14274221353867367
15.4,82.8,Medio,39.0,4.06,Bajo,6.708000000000001,0,0,0.1927364670727503
11.5,90.8,Alto,38.0,1.0,Bajo,3.4960000000000013,0,0,0.1004482243420297
13.0,75.0,Medio,20.0,7.83,Bajo,5.0,0,0,0.14366164808642687
15.5,71.8,Medio,21.0,29.61,Bajo,5.922000000000001,1,0,0.170152855993564
13.1,98.5,Bajo,18.0,3.35,Bajo,0.27,0,0,0.007757728996667051
14.1,76.5,Medio,18.0,6.33,Bajo,4.23,0,0,0.12153775428111714
6.9,89.1,Medio,21.0,1.85,Bajo,2.289000000000001,0,0,0.06576830249396624
6.1,66.4,Bajo,19.0,2.38,Alto,6.383999999999999,0,1,0.18342719227674978
15.0,64.9,Medio,12.0,6.41,Bajo,4.212,0,0,0.12102057234800598
11.5,88.0,Alto,15.0,1.76,Bajo,1.8,0,0,0.05171819331111367
16.4,82.1,Medio,16.0,11.84,Bajo,2.8640000000000008,0,0,0.08228939202390533
11.0,85.1,Medio,7.0,2.4,Bajo,1.0430000000000004,0,0,0.029967819790828656
13.6,71.1,Medio,9.0,1.52,Bajo,2.6010000000000004,0,0,0.07473278933455926
11.8,68.7,Medio,18.0,8.36,Bajo,5.6339999999999995,0,0,0.16187794506378578
12.6,85.8,Alto,5.0,1.0,Bajo,0.7100000000000002,0,0,0.020399954028272622
12.4,82.6,Medio,17.0,8.41,Bajo,2.9580000000000006,0,0,0.08499023100793016
8.9,77.0,Bajo,3.0,10.13,Bajo,0.69,0,0,0.019825307435926906
7.4,84.4,Bajo,37.0,9.28,Bajo,5.7719999999999985,0,0,0.16584300655097112
17.4,72.0,Bajo,1.0,5.69,Bajo,0.28,0,0,0.008045052292839906
12.4,99.2,Medio,43.0,6.91,Bajo,0.34399999999999875,0,0,0.009883921388346132
8.4,74.1,Alto,22.0,7.07,Bajo,5.698000000000002,0,0,0.16371681415929212
8.3,70.4,Medio,24.0,8.47,Bajo,7.103999999999998,0,0,0.20411446960119525
19.8,61.7,Alto,42.0,6.25,Bajo,16.086,0,0,0.46218825422365245
10.8,97.7,Bajo,30.0,23.23,Bajo,0.6899999999999992,1,0,0.019825307435926885
8.7,83.8,Bajo,39.0,13.11,Bajo,6.3180000000000005,0,0,0.181530858522009
14.2,75.9,Bajo,12.0,1.0,Bajo,2.8919999999999995,0,0,0.08309389725318929
11.5,88.4,Bajo,42.0,6.21,Bajo,4.871999999999997,0,0,0.13998390989541426
13.2,63.3,Bajo,26.0,3.04,Bajo,9.542,0,0,0.274163889208137
12.4,71.5,Medio,15.0,19.72,Bajo,4.275,1,0,0.12283070911389497
14.6,62.8,Medio,5.0,18.79,Bajo,1.86,1,0,0.053442133088150795
8.3,61.6,Medio,9.0,3.3,Alto,3.4559999999999995,0,0,0.09929893115733823
13.6,64.7,Bajo,47.0,10.63,Bajo,16.590999999999998,0,0,0.47669808068038155
16.0,57.1,Bajo,33.0,12.61,Bajo,14.157,0,0,0.406763590391909
4.6,83.0,Medio,24.0,25.14,Bajo,4.08,1,0,0.11722790483852433
13.2,73.4,Medio,0.0,1.0,Bajo,0.0,0,0,0.0
11.1,92.2,Medio,36.0,1.29,Bajo,2.807999999999999,0,0,0.0806803815653373
11.6,77.5,Bajo,45.0,4.61,Bajo,10.125,0,0,0.2909148373750144
5.9,46.5,Medio,14.0,6.3,Alto,7.49,0,0,0.21520514883346745
18.0,43.5,Bajo,12.0,30.05,Bajo,6.78,1,0,0.19480519480519484
15.4,71.0,Medio,19.0,19.48,Bajo,5.51,1,0,0.1583151361912424
15.9,83.2,Bajo,11.0,2.88,Bajo,1.8479999999999996,0,0,0.05309734513274336
13.0,83.9,Alto,35.0,1.0,Bajo,5.634999999999998,0,0,0.16190667739340303
15.6,77.2,Bajo,16.0,1.0,Bajo,3.6479999999999997,0,0,0.10481553844385703
16.0,75.4,Alto,36.0,4.47,Bajo,8.855999999999998,0,0,0.2544535110906792
18.4,97.1,Bajo,2.0,2.34,Bajo,0.058000000000000114,0,0,0.001666475117802555
13.6,81.2,Alto,41.0,2.19,Bajo,7.707999999999998,0,0,0.2214687966900356
10.7,90.0,Alto,6.0,3.49,Bajo,0.6,0,0,0.01723939777037122
18.7,76.1,Medio,12.0,6.78,Bajo,2.8680000000000008,0,0,0.08240432134237448
12.1,54.6,Medio,28.0,6.91,Bajo,12.712,0,0,0.36524537409493163
7.4,93.0,Medio,36.0,12.06,Bajo,2.52,0,0,0.07240547063555915
15.1,50.2,Bajo,45.0,25.09,Bajo,22.41,1,1,0.6438915067233653
12.7,59.4,Alto,11.0,1.0,Bajo,4.466,0,0,0.1283185840707965
7.3,85.6,Bajo,44.0,2.01,Bajo,6.336000000000002,0,0,0.18204804045512019
13.4,49.8,Bajo,45.0,18.52,Bajo,22.59,1,1,0.6490633260544766
7.6,68.7,Bajo,24.0,2.27,Alto,7.512,0,1,0.21583726008504772
3.3,99.5,Bajo,36.0,6.07,Bajo,0.18,0,0,0.005171819331111367
10.4,51.1,Medio,43.0,25.94,Alto,21.026999999999997,1,1,0.6041546948626595
11.6,91.8,Medio,36.0,9.88,Bajo,2.952000000000001,0,0,0.08481783703022644
9.0,92.1,Bajo,41.0,4.59,Bajo,3.239000000000002,0,0,0.09306401563038738
11.3,60.5,Bajo,43.0,5.39,Bajo,16.985,0,1,0.48801861854959205
7.7,83.8,Medio,9.0,7.54,Bajo,1.4580000000000002,0,0,0.04189173658200208
9.3,95.6,Bajo,46.0,9.02,Bajo,2.0240000000000027,0,0,0.058154235145385674
9.8,57.0,Bajo,31.0,20.86,Alto,13.33,1,1,0.383001953798414
17.5,81.4,Medio,26.0,8.63,Bajo,4.8359999999999985,0,0,0.13894954602919202
9.2,84.5,Medio,42.0,1.78,Bajo,6.51,0,0,0.18704746580852777
6.7,52.6,Medio,15.0,4.0,Alto,7.11,0,0,0.20428686357889903
10.2,60.0,Alto,4.0,13.82,Alto,1.6,0,0,0.0459717273876566
11.5,74.3,Medio,39.0,10.19,Bajo,10.023000000000001,0,0,0.28798413975405135
15.5,100.0,Medio,43.0,3.29,Bajo,0.0,0,0,0.0
6.5,50.8,Medio,24.0,13.7,Alto,11.808000000000002,0,0,0.33927134812090576
12.5,90.3,Bajo,18.0,5.44,Bajo,1.7460000000000004,0,0,0.05016664751178027
19.1,81.3,Alto,28.0,16.72,Bajo,5.2360000000000015,1,0,0.15044247787610626
12.4,74.5,Bajo,25.0,9.81,Bajo,6.375,0,0,0.18316860131019425
10.7,78.7,Alto,30.0,6.95,Bajo,6.389999999999999,0,0,0.1835995862544535
12.8,61.4,Bajo,0.0,5.5,Bajo,0.0,0,0,0.0
13.8,83.9,Medio,15.0,1.62,Bajo,2.414999999999999,0,0,0.06938857602574415
16.4,69.1,Medio,11.0,2.19,Bajo,3.399000000000001,0,0,0.09766118836915301
14.5,71.7,Bajo,38.0,8.23,Bajo,10.753999999999998,0,0,0.30898747270428684
7.2,73.6,Alto,43.0,6.13,Bajo,11.352000000000002,0,0,0.32616940581542364
11.5,98.9,Alto,40.0,5.43,Bajo,0.4399999999999977,0,0,0.0126422250316055
12.0,84.0,Medio,39.0,21.02,Bajo,6.24,1,0,0.17928973681186072
13.5,100.0,Bajo,28.0,36.97,Bajo,0.0,1,1,0.0
8.9,74.9,Medio,3.0,1.53,Bajo,0.7529999999999998,0,0,0.02163544420181588
6.8,73.3,Bajo,22.0,11.19,Bajo,5.8740000000000006,0,0,0.1687737041719343
12.4,88.5,Bajo,35.0,19.78,Bajo,4.025,1,0,0.11564762670957364
8.6,49.7,Bajo,4.0,10.86,Alto,2.012,0,0,0.05780944718997817
11.1,91.2,Medio,26.0,5.59,Bajo,2.2879999999999994,0,0,0.06573957016434892
6.2,94.9,Alto,44.0,1.0,Bajo,2.2439999999999976,0,0,0.0644753476611883
16.2,77.3,Bajo,36.0,7.47,Bajo,8.172,0,0,0.2348005976324561
7.9,71.7,Alto,13.0,29.51,Bajo,3.679,1,0,0.10570624066199288
15.3,54.1,Bajo,9.0,2.39,Bajo,4.130999999999999,0,0,0.11869325364900586
12.5,76.2,Bajo,17.0,1.97,Bajo,4.045999999999999,0,0,0.1162510056315366
13.3,53.2,Alto,8.0,5.29,Bajo,3.7439999999999998,0,0,0.10757384208711643
7.9,74.1,Medio,10.0,1.0,Bajo,2.5900000000000007,0,0,0.07441673370876914
1.1,61.7,Bajo,11.0,13.91,Alto,4.212999999999999,0,0,0.12104930467762326
13.9,80.9,Medio,12.0,7.38,Bajo,2.2919999999999994,0,0,0.06585449948281806
11.3,55.0,Alto,6.0,1.0,Bajo,2.7,0,0,0.07757728996667052
14.5,66.6,Medio,26.0,4.39,Bajo,8.684000000000001,0,0,0.24951155039650622
13.8,63.5,Bajo,36.0,9.98,Bajo,13.14,0,0,0.3775428111711298
14.6,76.7,Bajo,2.0,26.2,Bajo,0.46599999999999997,1,1,0.013389265601654984
9.8,71.1,Alto,43.0,10.91,Bajo,12.427000000000003,0,0,0.35705666015400545
5.8,72.7,Medio,19.0,12.57,Bajo,5.186999999999999,0,0,0.14903459372485922
11.3,91.3,Bajo,20.0,3.59,Bajo,1.7400000000000007,0,0,0.04999425353407657
8.6,61.1,Bajo,1.0,1.06,Alto,0.389,0,0,0.01117687622112401
12.0,57.2,Bajo,3.0,4.24,Bajo,1.2839999999999998,0,0,0.03689231122859441
10.2,57.1,Bajo,6.0,2.26,Alto,2.574,0,1,0.07395701643489254
12.9,46.4,Medio,34.0,4.25,Bajo,18.224,0,0,0.5236179749454086
13.4,53.0,Bajo,11.0,6.07,Bajo,5.17,0,0,0.14854614412136538
18.7,59.1,Bajo,46.0,16.12,Bajo,18.814,1,1,0.540570049419607
13.0,67.9,Medio,8.0,1.0,Bajo,2.5679999999999996,0,0,0.07378462245718882
11.9,83.0,Bajo,7.0,3.92,Bajo,1.19,0,0,0.034191472244569594
13.9,45.5,Medio,41.0,9.82,Bajo,22.345,0,0,0.6420239052982416
4.3,100.0,Bajo,9.0,1.45,Bajo,0.0,0,0,0.0
17.3,67.4,Bajo,31.0,1.87,Bajo,10.105999999999998,0,0,0.2903689231122859
17.1,75.9,Medio,29.0,8.75,Bajo,6.988999999999999,0,0,0.20081025169520744
11.8,58.0,Bajo,3.0,8.39,Bajo,1.26,0,0,0.03620273531777957
16.0,60.4,Alto,8.0,1.12,Bajo,3.168,0,0,0.09102402022756007
14.5,71.7,Medio,16.0,3.29,Bajo,4.528,0,0,0.13009998850706816
13.8,67.8,Medio,6.0,14.83,Bajo,1.9320000000000002,0,0,0.055510860820595344
15.2,73.4,Bajo,46.0,11.98,Bajo,12.235999999999997,0,0,0.3515687851971037
20.0,99.0,Alto,44.0,8.32,Bajo,0.44,0,0,0.012642225031605564
11.7,51.1,Medio,33.0,4.21,Bajo,16.137,0,0,0.46365360303413405
13.5,87.8,Alto,33.0,3.06,Bajo,4.026000000000001,0,0,0.11567635903919093
19.7,73.9,Medio,13.0,5.57,Bajo,3.3929999999999993,0,0,0.09748879439144925
20.0,88.4,Bajo,24.0,27.95,Bajo,2.7839999999999985,1,0,0.07999080565452243
10.8,63.7,Medio,17.0,26.29,Alto,6.170999999999999,1,1,0.17730720606826803
7.2,81.0,Bajo,44.0,8.47,Bajo,8.36,0,0,0.2402022756005057
9.2,73.0,Medio,25.0,9.42,Bajo,6.75,0,0,0.19394322491667626
8.0,54.7,Bajo,39.0,1.0,Alto,17.666999999999998,0,1,0.5076140673485806
15.0,76.2,Medio,10.0,1.0,Bajo,2.38,0,0,0.06838294448913919
11.3,67.8,Medio,6.0,2.1,Bajo,1.9320000000000002,0,0,0.055510860820595344
12.5,54.8,Alto,18.0,7.64,Bajo,8.136000000000001,0,0,0.23376623376623382
14.2,64.0,Alto,20.0,3.08,Bajo,7.2,0,0,0.2068727732444547
11.9,73.7,Bajo,35.0,6.24,Bajo,9.204999999999998,0,0,0.2644810941271118
13.0,100.0,Bajo,26.0,3.59,Bajo,0.0,0,0,0.0
13.7,76.0,Medio,2.0,3.18,Bajo,0.48,0,0,0.013791518216296978
12.8,67.9,Bajo,9.0,1.0,Bajo,2.889,0,0,0.08300770026433743
15.6,87.1,Bajo,4.0,1.0,Bajo,0.5160000000000002,0,0,0.014825882082519259
9.9,74.1,Medio,12.0,5.57,Bajo,3.1080000000000005,0,0,0.08930008045052296
18.5,100.0,Medio,8.0,1.0,Bajo,0.0,0,0,0.0
14.2,80.9,Alto,37.0,6.69,Bajo,7.066999999999998,0,0,0.20305137340535567
13.2,99.6,Medio,5.0,8.63,Bajo,0.020000000000000285,0,0,0.0005746465923457156
12.4,100.0,Alto,32.0,4.92,Bajo,0.0,0,0,0.0
9.8,65.1,Bajo,4.0,13.56,Alto,1.3960000000000001,0,0,0.040110332145730385
13.7,83.1,Bajo,19.0,6.16,Bajo,3.211000000000001,0,0,0.09225951040110336
15.1,79.3,Alto,44.0,17.72,Bajo,9.108000000000002,1,0,0.26169405815423524
12.7,82.9,Bajo,45.0,1.34,Bajo,7.694999999999998,0,0,0.22109527640501087
11.1,82.5,Alto,46.0,27.58,Bajo,8.05,1,0,0.23129525341914728
15.9,89.6,Bajo,43.0,9.7,Bajo,4.472000000000003,0,0,0.12849097804850027
11.4,75.2,Medio,12.0,7.4,Bajo,2.9759999999999995,0,0,0.08550741294104126
9.6,100.0,Alto,42.0,13.42,Bajo,0.0,0,0,0.0
11.9,58.5,Bajo,16.0,18.43,Bajo,6.64,1,1,0.19078266865877486
12.8,62.7,Bajo,2.0,3.9,Bajo,0.746,0,0,0.02143431789449489
11.2,67.9,Medio,35.0,1.57,Bajo,11.234999999999998,0,0,0.3228077232502011
14.6,81.8,Alto,24.0,8.28,Bajo,4.368,0,0,0.12550281576830252
17.5,100.0,Alto,3.0,5.15,Bajo,0.0,0,0,0.0
12.1,67.7,Alto,25.0,1.0,Bajo,8.075,0,0,0.23201356165957937
10.7,92.0,Bajo,9.0,13.73,Bajo,0.72,0,0,0.020687277324445467
12.5,72.8,Medio,10.0,4.38,Bajo,2.72,0,0,0.07815193655901621
13.8,59.9,Medio,19.0,4.89,Bajo,7.619,0,0,0.21891161935409725
11.1,55.6,Alto,30.0,1.25,Bajo,13.32,0,0,0.3827146305022412
13.5,64.7,Medio,17.0,7.37,Bajo,6.0009999999999994,0,0,0.1724227100333295
10.6,96.4,Medio,8.0,15.93,Bajo,0.28799999999999953,1,0,0.008274910929778174
19.9,93.9,Bajo,33.0,6.27,Bajo,2.012999999999998,0,0,0.057838179519595405
13.2,84.6,Bajo,0.0,11.14,Bajo,0.0,0,0,0.0
12.5,95.1,Medio,16.0,1.24,Bajo,0.7840000000000009,0,0,0.022526146419951758
18.1,89.4,Bajo,44.0,6.23,Bajo,4.663999999999998,0,0,0.13400758533501891
12.7,95.3,Alto,28.0,5.91,Bajo,1.3160000000000007,0,0,0.03781174577634757
7.2,79.0,Bajo,31.0,1.08,Bajo,6.51,0,0,0.18704746580852777
18.9,77.2,Bajo,1.0,4.08,Bajo,0.22799999999999998,0,0,0.006550971152741065
15.8,72.7,Medio,29.0,42.17,Bajo,7.916999999999999,1,0,0.22747385358004826
10.5,64.5,Bajo,3.0,1.0,Alto,1.065,0,1,0.03059993104240892
12.6,90.8,Alto,14.0,4.56,Bajo,1.2880000000000005,0,0,0.03700724054706357
9.0,64.8,Bajo,25.0,13.01,Alto,8.8,0,1,0.2528445006321113
11.3,78.5,Bajo,37.0,27.76,Bajo,7.955,1,1,0.22856568210550515
10.2,63.7,Bajo,14.0,15.89,Alto,5.081999999999999,1,1,0.14601769911504422
16.5,75.4,Alto,32.0,6.91,Bajo,7.871999999999998,0,0,0.2261808987472704
12.0,69.2,Bajo,9.0,1.08,Bajo,2.772,0,0,0.07964601769911504
9.3,97.6,Bajo,18.0,1.0,Bajo,0.43200000000000105,0,0,0.012412366394667312
17.2,84.6,Medio,20.0,12.29,Bajo,3.080000000000001,0,0,0.08849557522123898
15.7,75.3,Bajo,12.0,4.29,Bajo,2.9640000000000004,0,0,0.08516262498563386
10.0,56.6,Bajo,11.0,11.13,Alto,4.774,0,1,0.13716814159292037
10.1,85.4,Bajo,4.0,2.89,Bajo,0.5839999999999997,0,0,0.01677968049649465
10.2,78.5,Bajo,9.0,4.56,Bajo,1.935,0,0,0.055597057809447195
13.0,70.4,Medio,31.0,17.03,Bajo,9.175999999999998,1,0,0.26364785656821055
17.4,80.9,Bajo,41.0,5.39,Bajo,7.830999999999998,0,0,0.2250028732329617
10.8,81.8,Alto,23.0,26.98,Bajo,7.644000000000001,1,0,0.21962992759452943
6.8,79.6,Bajo,12.0,6.94,Bajo,2.448000000000001,0,0,0.07033674290311462
16.0,79.8,Medio,29.0,21.97,Bajo,5.8580000000000005,1,0,0.16831398689805774
17.6,82.4,Medio,20.0,1.0,Bajo,3.5199999999999987,0,0,0.10113780025284448
9.5,81.7,Bajo,22.0,6.8,Bajo,4.025999999999999,0,0,0.11567635903919088
10.8,74.2,Medio,19.0,9.13,Bajo,4.901999999999999,0,0,0.14084587978393287
18.0,87.5,Medio,16.0,14.23,Bajo,2.0,0,0,0.057464659234570746
11.1,72.2,Medio,30.0,12.46,Bajo,8.339999999999998,0,0,0.23962762900815995
13.3,77.5,Bajo,9.0,2.28,Bajo,2.025,0,0,0.05818296747500288
8.7,64.1,Alto,26.0,1.0,Alto,9.334000000000001,0,0,0.26818756464774174
8.4,89.2,Bajo,27.0,24.57,Bajo,2.915999999999999,1,1,0.08378347316400413
11.6,60.5,Medio,5.0,6.33,Bajo,1.975,0,0,0.05674635099413861
15.1,81.0,Bajo,35.0,20.12,Bajo,6.65,1,0,0.19106999195494775
19.4,86.2,Bajo,3.0,10.42,Bajo,0.4139999999999999,0,0,0.011895184461556142
7.8,100.0,Alto,38.0,1.97,Bajo,0.0,0,0,0.0
14.3,76.4,Alto,11.0,12.35,Bajo,2.595999999999999,0,0,0.0745891276864728
8.6,55.7,Bajo,9.0,5.77,Alto,3.987,0,1,0.11455579818411679
13.8,63.6,Bajo,36.0,2.08,Bajo,13.104,0,0,0.3765084473049075
11.0,100.0,Medio,22.0,15.72,Bajo,0.0,1,0,0.0
13.0,84.8,Bajo,21.0,13.55,Bajo,3.1920000000000006,0,0,0.09171359613837493
13.1,81.5,Medio,2.0,16.52,Bajo,0.37,1,0,0.010630961958395588
14.1,73.2,Medio,41.0,9.47,Bajo,10.988,0,0,0.31571083783473164
13.9,52.8,Alto,15.0,6.8,Bajo,7.08,0,0,0.20342489369038044
18.9,54.0,Medio,47.0,1.46,Bajo,21.62,0,0,0.6211929663257098
8.6,75.4,Alto,3.0,5.25,Bajo,0.7379999999999999,0,0,0.021204459257556603
12.2,92.2,Bajo,7.0,28.63,Bajo,0.5459999999999998,1,0,0.01568785197103781
7.6,72.1,Bajo,43.0,9.51,Bajo,11.997000000000003,0,0,0.3447017584185727
16.6,89.5,Medio,12.0,9.02,Bajo,1.26,0,0,0.03620273531777957
14.7,81.5,Alto,47.0,13.97,Bajo,8.695,0,0,0.24982760602229634
13.2,59.5,Alto,4.0,2.3,Bajo,1.62,0,0,0.04654637398000231
18.3,68.6,Bajo,27.0,32.27,Bajo,8.478000000000002,1,0,0.24359269049534543
12.3,100.0,Alto,43.0,1.0,Bajo,0.0,0,0,0.0
10.3,67.3,Bajo,31.0,10.34,Alto,10.137,0,1,0.2912596253304218
12.9,71.5,Medio,9.0,9.08,Bajo,2.565,0,0,0.07369842546833698
9.8,31.2,Medio,42.0,5.97,Alto,28.896,0,1,0.8302493966210781
16.9,81.2,Medio,29.0,1.06,Bajo,5.451999999999999,0,0,0.15664866107343983
20.0,82.9,Bajo,27.0,20.53,Bajo,4.616999999999998,1,0,0.13265716584300652
9.2,60.3,Bajo,39.0,6.08,Alto,15.483000000000002,0,1,0.4448626594644295
10.5,74.1,Bajo,37.0,21.02,Bajo,9.583000000000002,1,0,0.2753419147224458
13.3,89.8,Medio,3.0,34.55,Bajo,0.3060000000000001,1,0,0.008792092862889327
9.8,86.7,Bajo,24.0,6.02,Bajo,3.1919999999999993,0,0,0.09171359613837489
20.0,66.3,Alto,26.0,21.21,Bajo,8.762,1,0,0.2517526721066545
14.7,70.6,Bajo,24.0,3.08,Bajo,7.056000000000001,0,0,0.20273531777956563
11.5,61.9,Bajo,30.0,4.48,Bajo,11.43,0,0,0.3284105275255718
14.6,76.4,Alto,20.0,9.28,Bajo,4.719999999999999,0,0,0.13561659579358692
12.2,81.3,Bajo,44.0,1.24,Bajo,8.228000000000002,0,0,0.2364096080910241
13.2,92.4,Alto,18.0,1.0,Bajo,1.367999999999999,0,0,0.03930582691644636
12.3,68.0,Medio,1.0,7.64,Bajo,0.32,0,0,0.00919434547753132
12.5,79.2,Medio,26.0,1.0,Bajo,5.4079999999999995,0,0,0.15538443857027928
16.2,74.9,Medio,43.0,10.05,Bajo,10.792999999999997,0,0,0.31010803355936095
16.6,100.0,Bajo,9.0,6.34,Bajo,0.0,0,0,0.0
15.1,55.1,Medio,32.0,1.0,Bajo,14.368,0,0,0.41282611194115626
11.9,77.7,Alto,2.0,20.74,Bajo,0.44599999999999995,1,0,0.012814619009309275
14.1,91.8,Bajo,17.0,7.62,Bajo,1.3940000000000003,0,0,0.04005286748649582
12.5,76.1,Medio,47.0,1.67,Bajo,11.233000000000002,0,0,0.3227502585909667
19.2,70.4,Medio,5.0,3.46,Bajo,1.4799999999999998,0,0,0.042523847833582346
13.2,63.4,Medio,44.0,2.93,Bajo,16.104,0,0,0.4627054361567636
18.2,87.8,Bajo,27.0,5.75,Bajo,3.294000000000001,0,0,0.09464429375933804
15.0,53.6,Medio,35.0,6.3,Bajo,16.24,0,0,0.4666130329847144
13.2,87.2,Bajo,18.0,19.36,Bajo,2.3039999999999994,1,0,0.06619928743822548
13.1,100.0,Alto,8.0,21.32,Bajo,0.0,1,0,0.0
8.9,76.2,Medio,35.0,6.29,Bajo,8.329999999999998,0,0,0.2393403057119871
13.1,65.7,Medio,8.0,7.1,Bajo,2.7439999999999998,0,0,0.07884151246983105
9.5,61.5,Alto,38.0,1.0,Alto,14.63,0,0,0.42035398230088505
8.7,68.0,Medio,11.0,11.9,Alto,3.52,0,0,0.10113780025284451
10.9,80.0,Bajo,45.0,5.39,Bajo,9.0,0,0,0.25859096655556835
6.9,49.2,Alto,33.0,3.48,Alto,16.764,0,1,0.481668773704172
10.7,88.1,Bajo,26.0,3.62,Bajo,3.0940000000000016,0,0,0.08889782783588099
18.2,32.0,Bajo,43.0,1.0,Bajo,29.24,0,0,0.8401333180094243
10.4,68.1,Bajo,22.0,12.03,Alto,7.018000000000002,0,1,0.2016434892541088
11.1,20.9,Bajo,44.0,1.0,Bajo,34.803999999999995,0,1,1.0
11.2,75.7,Bajo,11.0,19.06,Bajo,2.6729999999999996,1,0,0.07680151706700379
8.4,70.7,Medio,10.0,2.81,Bajo,2.93,0,0,0.08418572577864615
18.5,100.0,Bajo,30.0,5.44,Bajo,0.0,0,0,0.0
9.4,77.3,Bajo,15.0,8.41,Bajo,3.4050000000000007,0,0,0.09783358234685671
11.0,98.8,Medio,11.0,7.56,Bajo,0.1320000000000003,0,0,0.003792667509481678
11.3,73.5,Medio,8.0,8.53,Bajo,2.12,0,0,0.06091253878864499
10.9,52.3,Alto,21.0,2.69,Alto,10.017000000000001,0,0,0.2878117457763476
14.3,66.7,Bajo,46.0,8.45,Bajo,15.318,0,1,0.44012182507757736
11.0,89.0,Bajo,20.0,1.0,Bajo,2.2,0,0,0.06321112515802782
14.9,73.5,Medio,25.0,44.68,Bajo,6.625,1,0,0.1903516837145156
12.1,69.7,Bajo,14.0,1.81,Bajo,4.241999999999999,0,0,0.12188254223652453
12.7,66.6,Bajo,20.0,5.63,Bajo,6.6800000000000015,0,0,0.19193196184346634
11.9,93.8,Bajo,11.0,48.93,Bajo,0.6820000000000003,1,0,0.019595448798988634
16.3,78.5,Medio,36.0,8.2,Bajo,7.74,0,0,0.22238823123778878
2.3,88.2,Bajo,44.0,1.0,Bajo,5.191999999999998,0,0,0.1491782553729456
2.3,98.2,Bajo,43.0,28.71,Bajo,0.7739999999999988,1,0,0.022238823123778843
14.3,95.2,Bajo,45.0,3.59,Bajo,2.159999999999999,0,0,0.062061831973336375
11.6,79.8,Bajo,7.0,32.42,Bajo,1.4140000000000004,1,0,0.04062751407884153
5.2,82.5,Bajo,19.0,6.57,Bajo,3.325,0,0,0.09553499597747388
8.8,84.8,Bajo,4.0,29.17,Bajo,0.6080000000000001,1,0,0.017469256407309508
10.9,89.5,Alto,25.0,20.18,Bajo,2.625,1,0,0.0754223652453741
9.3,97.1,Alto,7.0,1.0,Bajo,0.2030000000000004,0,0,0.0058326629123089425
14.2,62.2,Medio,18.0,18.86,Bajo,6.803999999999999,1,0,0.19549477071600965
9.7,64.2,Medio,7.0,33.45,Alto,2.506,1,0,0.07200321802091714
16.2,57.0,Bajo,20.0,24.39,Bajo,8.6,1,0,0.24709803470865419
7.1,90.6,Alto,23.0,1.0,Bajo,1.504000000000001,0,0,0.043213423744397225
11.6,66.0,Medio,20.0,4.29,Bajo,6.8,0,0,0.19537984139754053
10.5,72.0,Medio,5.0,2.04,Bajo,1.4,0,0,0.04022526146419952
16.1,61.2,Medio,33.0,39.03,Bajo,12.803999999999998,1,0,0.36788874841972186
17.2,39.0,Medio,42.0,3.52,Bajo,25.62,0,0,0.7361222847948513
11.7,67.9,Alto,22.0,15.25,Bajo,7.0619999999999985,1,0,0.20290771175726927
10.2,59.8,Medio,0.0,48.18,Alto,0.0,1,1,0.0
11.3,88.6,Alto,37.0,1.0,Bajo,4.218000000000002,0,0,0.12119296632570975
9.2,85.4,Medio,2.0,1.0,Bajo,0.29199999999999987,0,0,0.008389840248247325
18.6,85.3,Bajo,34.0,13.08,Bajo,4.998000000000001,0,0,0.14360418342719233
10.2,92.1,Medio,27.0,10.33,Bajo,2.1330000000000013,0,0,0.06128605907366974
13.1,64.2,Medio,23.0,22.4,Bajo,8.234,1,0,0.23658200206872776
13.4,45.5,Medio,2.0,1.18,Bajo,1.09,0,0,0.03131823928284106
10.3,44.3,Medio,29.0,16.83,Alto,16.153000000000002,1,1,0.46411332030801067
14.8,85.7,Bajo,34.0,2.77,Bajo,4.861999999999999,0,0,0.13969658659924147
11.7,74.7,Bajo,39.0,25.28,Bajo,9.866999999999999,1,0,0.2835018963337548
14.4,60.9,Alto,30.0,8.53,Bajo,11.73,0,0,0.3370302264107574
10.7,86.3,Medio,44.0,5.6,Bajo,6.028000000000002,0,0,0.1731984829329963
8.4,64.6,Bajo,0.0,16.64,Alto,0.0,1,1,0.0
13.9,60.0,Bajo,14.0,28.35,Bajo,5.6,1,0,0.16090104585679807
13.3,71.2,Alto,42.0,11.47,Bajo,12.095999999999998,0,0,0.3475462590506838
9.9,100.0,Bajo,29.0,13.04,Bajo,0.0,0,0,0.0
11.4,100.0,Alto,13.0,6.09,Bajo,0.0,0,0,0.0
13.0,68.9,Bajo,19.0,25.51,Bajo,5.908999999999999,1,0,0.16977933570853923
13.9,70.7,Bajo,28.0,3.64,Bajo,8.203999999999999,0,0,0.23572003218020918
18.1,64.3,Medio,17.0,14.32,Bajo,6.069000000000001,0,0,0.17437650844730496
9.7,48.2,Medio,16.0,7.62,Alto,8.288,0,0,0.23813354786806118
14.9,100.0,Alto,33.0,2.73,Bajo,0.0,0,0,0.0
15.8,67.5,Medio,35.0,19.75,Bajo,11.375,1,0,0.32683024939662114
13.8,66.1,Bajo,45.0,18.11,Bajo,15.255000000000003,1,1,0.43831168831168843
15.7,100.0,Alto,37.0,3.93,Bajo,0.0,0,0,0.0
18.4,69.1,Bajo,8.0,13.76,Bajo,2.4720000000000004,0,0,0.07102631881392946
10.9,48.9,Medio,5.0,1.52,Alto,2.555,0,0,0.07341110217216414
17.3,64.3,Medio,33.0,1.23,Bajo,11.781,0,0,0.338495575221239
8.8,47.4,Bajo,15.0,9.9,Alto,7.89,0,1,0.22669808068038158
12.0,98.3,Alto,45.0,5.6,Bajo,0.7650000000000012,0,0,0.021980232157223344
12.7,84.8,Medio,15.0,5.24,Bajo,2.2800000000000007,0,0,0.06550971152741067
11.2,57.7,Alto,6.0,2.35,Bajo,2.538,0,0,0.07292265256867027
18.1,100.0,Alto,39.0,25.42,Bajo,0.0,1,0,0.0
4.8,74.8,Medio,15.0,1.43,Bajo,3.7800000000000007,0,0,0.10860820595333873
12.0,100.0,Bajo,25.0,15.43,Bajo,0.0,1,0,0.0
9.1,80.0,Medio,32.0,7.3,Bajo,6.4,0,0,0.1838869095506264
13.9,84.2,Alto,0.0,1.0,Bajo,0.0,0,0,0.0
16.1,67.4,Medio,0.0,5.16,Bajo,0.0,0,0,0.0
13.1,100.0,Medio,12.0,32.62,Bajo,0.0,1,0,0.0
9.0,76.1,Alto,11.0,2.69,Bajo,2.629000000000001,0,0,0.07553729456384327
14.2,83.6,Medio,45.0,7.91,Bajo,7.380000000000003,0,0,0.21204459257556613
11.4,59.4,Bajo,38.0,1.0,Bajo,15.427999999999999,0,0,0.4432823813354787
7.3,76.8,Bajo,6.0,14.62,Bajo,1.3920000000000001,0,0,0.039995402827261245
9.9,63.4,Bajo,46.0,33.59,Alto,16.836000000000002,1,1,0.4837375014366166
11.9,100.0,Alto,34.0,31.98,Bajo,0.0,1,0,0.0
13.1,70.0,Alto,14.0,4.6,Bajo,4.2,0,0,0.12067578439259857
8.8,76.9,Medio,18.0,8.16,Bajo,4.157999999999999,0,0,0.11946902654867254
20.0,76.8,Alto,11.0,1.0,Bajo,2.5520000000000005,0,0,0.07332490518331229
16.3,77.7,Bajo,14.0,19.39,Bajo,3.1219999999999994,1,0,0.08970233306516492
6.1,100.0,Medio,10.0,1.66,Bajo,0.0,0,0,0.0
20.0,89.5,Alto,7.0,1.0,Bajo,0.735,0,0,0.021118262268704748
13.3,75.6,Bajo,23.0,1.31,Bajo,3.416000000000001,0,0,0.09814963797264686
16.7,65.5,Alto,38.0,25.53,Bajo,13.11,1,0,0.3766808412826112
14.3,63.0,Medio,35.0,6.92,Bajo,12.95,0,0,0.37208366854384556
9.5,67.2,Medio,14.0,1.31,Alto,4.592,0,0,0.13193885760257443
20.0,99.6,Alto,39.0,3.27,Bajo,0.15600000000000222,0,0,0.004482243420296582
13.1,87.9,Bajo,28.0,4.37,Bajo,3.3879999999999986,0,0,0.0973451327433628
12.4,62.2,Bajo,38.0,1.0,Bajo,14.363999999999999,0,0,0.4127111826226871
15.0,70.9,Bajo,9.0,27.65,Bajo,2.6189999999999998,1,0,0.07524997126767038
16.9,100.0,Bajo,37.0,27.38,Bajo,0.0,1,0,0.0
8.9,70.8,Medio,14.0,15.84,Bajo,4.088000000000001,1,0,0.11745776347546263
12.5,71.9,Medio,34.0,11.71,Bajo,9.553999999999998,0,0,0.27450867716354443
13.0,81.5,Medio,39.0,11.09,Bajo,7.215,0,0,0.20730375818871397
14.3,82.0,Medio,20.0,4.41,Bajo,3.6,0,0,0.10343638662222734
14.1,90.9,Bajo,25.0,6.3,Bajo,2.2749999999999986,0,0,0.06536604987932418
15.8,80.1,Alto,23.0,7.33,Bajo,4.577000000000002,0,0,0.1315078726583152
10.3,82.4,Medio,12.0,7.74,Bajo,2.111999999999999,0,0,0.060682680151706685
13.6,71.9,Alto,7.0,19.18,Bajo,1.9669999999999996,1,0,0.05651649235720032
15.0,50.6,Medio,47.0,23.1,Bajo,23.217999999999996,1,1,0.6671072290541317
10.4,70.4,Bajo,12.0,2.77,Bajo,3.551999999999999,0,0,0.10205723480059763
10.3,81.0,Medio,37.0,4.64,Bajo,7.03,0,0,0.20198827720951618
10.1,60.2,Medio,34.0,2.76,Alto,13.531999999999998,0,0,0.38880588438110564
8.3,85.8,Bajo,36.0,12.26,Bajo,5.112000000000001,0,0,0.14687966900356286
11.5,85.3,Medio,40.0,7.29,Bajo,5.880000000000001,0,0,0.168946098149638
14.0,87.2,Medio,20.0,23.6,Bajo,2.5599999999999996,1,0,0.07355476382025054
18.6,76.0,Medio,37.0,4.39,Bajo,8.88,0,0,0.25514308700149413
15.2,98.5,Bajo,39.0,2.19,Bajo,0.585,0,0,0.01680841282611194
12.8,99.1,Bajo,32.0,2.75,Bajo,0.2880000000000018,0,0,0.008274910929778239
10.0,94.0,Bajo,16.0,23.25,Bajo,0.96,1,0,0.027583036432593955
6.4,79.6,Medio,44.0,2.33,Bajo,8.976000000000003,0,0,0.2579013906447536
10.7,80.9,Bajo,12.0,15.17,Bajo,2.2919999999999994,1,1,0.06585449948281806
13.1,92.0,Alto,23.0,15.81,Bajo,1.44,1,0,0.041374554648890935
15.3,67.3,Alto,42.0,15.25,Bajo,13.734000000000002,1,0,0.3946098149637974
13.1,74.0,Alto,43.0,23.92,Bajo,11.18,1,0,0.32122744512125045
7.9,87.0,Medio,34.0,38.05,Bajo,4.42,1,0,0.12699689690840135
14.5,67.8,Medio,10.0,12.16,Bajo,3.22,0,0,0.09251810136765891
12.3,70.8,Bajo,23.0,8.17,Bajo,6.716,0,0,0.19296632570968858
9.3,75.1,Bajo,13.0,15.84,Bajo,3.2370000000000005,1,0,0.09300655097115276
16.1,83.5,Medio,12.0,1.87,Bajo,1.98,0,0,0.05689001264222504
11.5,78.8,Bajo,37.0,10.3,Bajo,7.844000000000001,0,0,0.2253763935179865
17.6,80.5,Medio,45.0,12.83,Bajo,8.775,0,0,0.25212619239167916
4.1,62.8,Medio,12.0,2.48,Alto,4.464,0,0,0.12826111941156193
13.1,70.8,Medio,41.0,5.78,Bajo,11.972000000000001,0,0,0.3439834501781405
8.8,65.7,Medio,18.0,7.67,Alto,6.1739999999999995,0,0,0.17739340305711987
17.0,82.7,Bajo,44.0,10.77,Bajo,7.611999999999998,0,0,0.2187104930467762
9.4,43.7,Medio,7.0,38.97,Alto,3.941,1,1,0.11323411102172165
10.7,96.5,Alto,43.0,4.0,Bajo,1.505,0,0,0.043242156074014486
5.5,82.9,Medio,33.0,12.3,Bajo,5.642999999999998,0,0,0.1621365360303413
6.2,66.3,Medio,17.0,20.92,Alto,5.729000000000001,1,0,0.16460751637742793
10.5,63.0,Medio,23.0,6.75,Alto,8.51,0,0,0.24451212504309852
11.1,57.5,Alto,30.0,4.84,Bajo,12.75,0,0,0.3663372026203885
15.0,56.8,Bajo,0.0,21.29,Bajo,0.0,1,0,0.0
9.6,45.6,Bajo,22.0,28.51,Alto,11.968,1,1,0.34386852085967134
5.0,61.9,Alto,47.0,1.0,Alto,17.907,0,1,0.5145098264567292
9.5,81.9,Medio,3.0,12.56,Bajo,0.5429999999999998,0,0,0.015601654982185952
11.5,40.1,Bajo,19.0,5.79,Bajo,11.380999999999998,0,0,0.3270026433743248
13.7,59.3,Medio,31.0,5.75,Bajo,12.617,0,0,0.3625158027812896
16.0,88.0,Medio,27.0,37.93,Bajo,3.24,1,0,0.09309274796000462
14.8,69.9,Bajo,23.0,46.49,Bajo,6.922999999999998,1,0,0.1989139179404666
13.7,69.8,Bajo,20.0,4.7,Bajo,6.04,0,0,0.17354327088840366
17.5,74.0,Bajo,21.0,1.0,Bajo,5.46,0,0,0.15687851971037814
9.8,83.1,Medio,14.0,4.68,Bajo,2.366000000000001,0,0,0.06798069187449722
10.2,85.0,Medio,5.0,6.34,Bajo,0.75,0,0,0.02154924721296403
17.5,62.1,Bajo,13.0,1.06,Bajo,4.927,0,0,0.14156418802436502
13.5,48.0,Medio,29.0,25.23,Bajo,15.08,1,1,0.4332835306286634
16.6,57.5,Medio,45.0,2.05,Bajo,19.125,0,0,0.5495058039305828
14.5,85.1,Alto,9.0,19.56,Bajo,1.3410000000000004,1,0,0.0385300540167797
5.0,74.7,Medio,11.0,2.2,Bajo,2.7829999999999995,0,0,0.07996207332490518
12.7,75.8,Alto,9.0,10.25,Bajo,2.178,0,0,0.06257901390644754
12.1,78.9,Alto,14.0,14.61,Bajo,2.9539999999999993,0,0,0.08487530168946097
10.0,69.4,Bajo,40.0,6.01,Alto,12.239999999999998,0,1,0.3516837145155729
8.9,75.8,Medio,7.0,40.09,Bajo,1.6940000000000004,1,0,0.048672566371681436
16.3,84.8,Bajo,32.0,4.58,Bajo,4.864000000000001,0,0,0.13975405125847606
14.1,64.9,Bajo,26.0,4.82,Bajo,9.126,0,0,0.2622112400873463
17.0,66.0,Medio,4.0,1.75,Bajo,1.36,0,0,0.03907596827950811
15.0,76.3,Medio,13.0,2.62,Bajo,3.0810000000000004,0,0,0.08852430755085625
12.8,86.9,Medio,16.0,12.98,Bajo,2.095999999999999,0,0,0.06022296287783012
18.4,70.5,Alto,31.0,15.97,Bajo,9.145,1,0,0.26275715435007474
12.6,64.7,Bajo,28.0,2.62,Bajo,9.883999999999999,0,0,0.2839903459372486
11.2,80.4,Bajo,34.0,3.08,Bajo,6.663999999999999,0,0,0.1914722445695897
16.0,99.9,Medio,43.0,2.43,Bajo,0.042999999999997554,0,0,0.0012354901735432008
16.0,97.2,Medio,14.0,8.67,Bajo,0.3919999999999996,0,0,0.011263073209975856
12.7,77.6,Bajo,28.0,11.18,Bajo,6.272000000000002,0,0,0.18020917135961392
15.6,72.4,Medio,10.0,1.83,Bajo,2.7599999999999993,0,0,0.07930122974370761
11.3,62.3,Alto,5.0,1.0,Bajo,1.885,0,0,0.05416044132858293
16.8,64.4,Bajo,4.0,8.86,Bajo,1.4239999999999997,0,0,0.04091483737501436
9.1,54.3,Bajo,4.0,21.79,Alto,1.828,1,1,0.052522698540397664
10.3,83.7,Alto,24.0,1.62,Bajo,3.9119999999999995,0,0,0.11240087346282036
10.2,88.4,Medio,19.0,6.02,Bajo,2.203999999999999,0,0,0.06332605447649693
9.7,67.1,Bajo,18.0,18.93,Alto,5.922000000000001,1,1,0.170152855993564
19.5,87.3,Medio,13.0,1.0,Bajo,1.6510000000000002,0,0,0.04743707619813816
12.3,68.7,Bajo,30.0,1.19,Bajo,9.389999999999999,0,0,0.2697965751063096
16.4,75.5,Bajo,18.0,50.0,Bajo,4.41,1,1,0.1267095736122285
9.4,94.2,Bajo,18.0,1.0,Bajo,1.0439999999999996,0,0,0.029996552120445916
7.0,84.0,Bajo,12.0,1.0,Bajo,1.92,0,0,0.05516607286518791
12.9,60.3,Medio,26.0,1.03,Bajo,10.322000000000001,0,0,0.29657510630961964
10.2,67.4,Medio,5.0,1.51,Alto,1.6299999999999997,0,0,0.046833697276175146
12.5,100.0,Bajo,7.0,16.06,Bajo,0.0,1,0,0.0
17.4,72.8,Bajo,36.0,4.6,Bajo,9.792,0,0,0.28134697161245836
9.3,65.7,Bajo,6.0,3.93,Alto,2.058,0,1,0.05913113435237329
16.2,78.3,Medio,0.0,13.0,Bajo,0.0,0,0,0.0
12.2,93.0,Bajo,38.0,1.84,Bajo,2.66,0,0,0.07642799678197909
12.9,75.7,Medio,39.0,1.0,Bajo,9.476999999999999,0,0,0.27229628778301346
11.2,84.9,Alto,0.0,2.94,Bajo,0.0,0,0,0.0
14.8,54.1,Bajo,43.0,9.42,Bajo,19.737000000000002,0,0,0.5670899896563615
7.0,49.0,Alto,1.0,8.68,Alto,0.51,0,0,0.014653488104815541
13.2,61.6,Bajo,31.0,1.12,Bajo,11.903999999999998,0,0,0.34202965176416505
7.6,89.4,Bajo,13.0,4.47,Bajo,1.3779999999999992,0,0,0.03959315021261922
13.1,45.4,Bajo,18.0,2.64,Bajo,9.828000000000001,0,0,0.28238133547868066
9.7,43.2,Bajo,44.0,7.09,Alto,24.991999999999997,0,1,0.718078381795196
17.4,100.0,Bajo,8.0,5.88,Bajo,0.0,0,0,0.0
17.7,70.5,Alto,20.0,1.0,Bajo,5.9,0,0,0.1695207447419837
13.7,76.0,Medio,33.0,7.57,Bajo,7.92,0,0,0.22756005056890016
12.7,84.2,Medio,26.0,10.49,Bajo,4.108,0,0,0.1180324100678083
8.7,84.1,Medio,25.0,3.39,Bajo,3.975000000000001,0,0,0.11421101022870939
17.7,83.1,Alto,9.0,2.9,Bajo,1.5210000000000006,0,0,0.04370187334789107
9.3,57.4,Medio,26.0,4.65,Alto,11.076,0,0,0.3182392828410528
18.1,48.1,Alto,28.0,29.7,Bajo,14.532,1,0,0.41753821399839103
15.9,64.0,Bajo,23.0,9.02,Bajo,8.28,0,0,0.23790368923112287
10.5,70.7,Alto,30.0,33.26,Bajo,8.79,1,0,0.2525571773359384
18.2,86.5,Medio,36.0,20.06,Bajo,4.86,1,0,0.1396391219400069
6.7,71.8,Medio,19.0,9.28,Bajo,5.3580000000000005,0,0,0.15394782208941504
14.9,93.4,Bajo,23.0,19.13,Bajo,1.5179999999999987,1,0,0.04361567635903916
13.2,100.0,Alto,6.0,4.17,Bajo,0.0,0,0,0.0
19.3,83.1,Bajo,2.0,7.8,Bajo,0.33800000000000013,0,0,0.00971152741064246
6.9,66.4,Bajo,36.0,1.05,Alto,12.095999999999998,0,0,0.3475462590506838
11.7,100.0,Alto,36.0,50.0,Bajo,0.0,1,0,0.0
11.9,56.1,Medio,12.0,1.61,Bajo,5.268,0,0,0.15136191242385935
11.4,83.6,Alto,11.0,11.3,Bajo,1.8040000000000007,0,0,0.05183312262958283
13.3,60.4,Bajo,12.0,18.2,Bajo,4.752000000000001,1,0,0.13653603034134013
9.0,89.0,Medio,40.0,2.32,Bajo,4.4,0,0,0.12642225031605564
15.3,76.5,Bajo,24.0,1.67,Bajo,5.64,0,0,0.1620503390414895
20.0,67.7,Bajo,21.0,21.35,Bajo,6.7829999999999995,1,0,0.19489139179404666
11.8,65.8,Medio,34.0,9.72,Bajo,11.628000000000002,0,0,0.3340995287897944
10.0,69.1,Medio,23.0,6.61,Alto,7.416000000000001,0,0,0.21307895644178837
11.0,88.4,Medio,6.0,1.22,Bajo,0.6959999999999996,0,0,0.01999770141363061
9.3,81.1,Medio,28.0,1.0,Bajo,5.292000000000002,0,0,0.15205148833467425
7.9,64.1,Bajo,30.0,2.79,Alto,10.770000000000003,0,1,0.30944718997816356
6.8,77.1,Alto,2.0,4.68,Bajo,0.45800000000000013,0,0,0.013159406964716704
12.0,55.0,Alto,20.0,1.0,Bajo,9.0,0,0,0.25859096655556835
9.5,75.7,Bajo,45.0,15.12,Bajo,10.934999999999997,1,0,0.3141880243650155
8.7,63.0,Alto,0.0,2.83,Alto,0.0,0,0,0.0
11.0,75.0,Medio,37.0,1.0,Bajo,9.25,0,0,0.2657740489598897
12.4,86.6,Alto,42.0,6.35,Bajo,5.628000000000002,0,0,0.16170555108608214
5.1,65.9,Medio,37.0,5.72,Alto,12.616999999999997,0,0,0.3625158027812895
12.3,56.3,Medio,44.0,14.17,Bajo,19.228,0,0,0.5524652338811632
12.6,55.4,Bajo,30.0,2.45,Bajo,13.38,0,0,0.3844385702792783
13.8,71.6,Alto,36.0,8.12,Bajo,10.224000000000002,0,0,0.2937593380071257
10.4,72.7,Alto,43.0,3.0,Bajo,11.738999999999999,0,0,0.337288817377313
7.5,62.0,Medio,38.0,16.4,Alto,14.44,1,1,0.41489483967360075
6.9,84.5,Bajo,8.0,1.0,Bajo,1.24,0,0,0.03562808872543386
17.5,72.2,Bajo,26.0,2.01,Bajo,7.228,0,0,0.20767727847373868
10.4,77.1,Medio,28.0,2.22,Bajo,6.412000000000002,0,0,0.18423169750603385
10.9,49.3,Medio,31.0,1.24,Alto,15.717,0,1,0.45158602459487424
10.2,90.3,Medio,5.0,5.92,Bajo,0.48500000000000015,0,0,0.013935179864383411
12.7,72.7,Medio,11.0,6.53,Bajo,3.0029999999999997,0,0,0.08628318584070796
12.7,85.8,Alto,9.0,21.51,Bajo,1.2780000000000002,1,0,0.036719917250890716
8.6,75.4,Medio,28.0,12.23,Bajo,6.887999999999998,0,0,0.1979082864038616
15.5,59.8,Medio,20.0,3.57,Bajo,8.04,0,0,0.23100793012297438
20.0,49.9,Bajo,26.0,1.68,Bajo,13.026000000000002,0,0,0.37426732559475934
13.0,39.3,Bajo,33.0,13.91,Bajo,20.031000000000002,0,0,0.5755372945638434
14.8,73.0,Medio,0.0,2.15,Bajo,0.0,0,0,0.0
12.4,60.2,Alto,25.0,1.97,Bajo,9.95,0,0,0.28588667969198944
9.7,80.0,Medio,6.0,1.0,Bajo,1.2,0,0,0.03447879554074244
15.2,83.3,Bajo,17.0,5.8,Bajo,2.8390000000000004,0,0,0.08157108378347319
9.1,100.0,Alto,3.0,5.74,Bajo,0.0,0,0,0.0
11.4,77.4,Alto,22.0,1.76,Bajo,4.971999999999999,0,0,0.14285714285714285
5.2,94.3,Medio,5.0,11.92,Bajo,0.28500000000000014,0,0,0.008188713940926335
8.5,80.9,Medio,30.0,1.0,Bajo,5.729999999999998,0,0,0.16463624870704513
18.3,76.8,Alto,12.0,1.32,Bajo,2.7840000000000003,0,0,0.07999080565452249
10.5,85.0,Bajo,4.0,7.61,Bajo,0.6,0,0,0.01723939777037122
11.8,64.1,Bajo,37.0,6.23,Bajo,13.283000000000001,0,0,0.38165153430640164
16.2,75.3,Medio,25.0,2.48,Bajo,6.175000000000001,0,0,0.1774221353867372
15.7,81.1,Alto,44.0,2.06,Bajo,8.316000000000003,0,0,0.23893805309734523
10.5,62.5,Alto,42.0,14.13,Alto,15.75,0,1,0.4525341914722446
16.2,94.2,Bajo,31.0,4.73,Bajo,1.797999999999999,0,0,0.05166072865187907
9.9,53.5,Bajo,29.0,7.17,Alto,13.485,0,1,0.3874554648890932
0.1,55.3,Bajo,21.0,1.2,Alto,9.387,0,0,0.2697103781174578
13.6,19.0,Alto,33.0,11.29,Bajo,26.73,0,0,0.768015170670038
11.5,66.1,Medio,46.0,5.48,Bajo,15.594000000000003,0,0,0.4480519480519482
15.7,100.0,Medio,27.0,16.37,Bajo,0.0,1,0,0.0
9.1,48.7,Medio,9.0,32.81,Alto,4.617,1,1,0.13265716584300657
16.3,53.4,Bajo,47.0,24.4,Bajo,21.902,1,1,0.6292954832777843
14.4,77.7,Medio,27.0,6.23,Bajo,6.020999999999999,0,0,0.1729973566256752
8.1,63.1,Bajo,10.0,4.92,Alto,3.69,0,1,0.10602229628778302
16.3,90.9,Medio,20.0,8.13,Bajo,1.819999999999999,0,0,0.05229283990345935
10.3,64.2,Medio,16.0,50.0,Alto,5.728,1,1,0.16457878404781062
17.6,94.6,Medio,0.0,3.24,Bajo,0.0,0,0,0.0
16.5,77.9,Alto,16.0,3.89,Bajo,3.535999999999999,0,0,0.10159751752672105
9.1,71.3,Alto,28.0,5.0,Bajo,8.036000000000001,0,0,0.2308930008045053
12.6,61.8,Bajo,20.0,15.62,Bajo,7.64,1,0,0.21951499827606025
20.0,79.4,Alto,6.0,9.0,Bajo,1.2359999999999998,0,0,0.035513159406964714
12.3,81.7,Medio,38.0,10.39,Bajo,6.953999999999999,0,0,0.19980462015860245
1.4,79.4,Bajo,38.0,11.62,Bajo,7.827999999999998,0,0,0.22491667624410983
11.0,75.1,Bajo,28.0,18.93,Bajo,6.972000000000001,1,0,0.20032180209171366
15.7,85.3,Alto,20.0,12.26,Bajo,2.9400000000000004,0,0,0.084473049074819
11.5,95.9,Medio,14.0,8.31,Bajo,0.5739999999999992,0,0,0.01649235720032178
11.4,94.0,Alto,44.0,10.66,Bajo,2.64,0,0,0.07585335018963339
11.8,56.5,Bajo,30.0,14.49,Bajo,13.05,0,0,0.37495690150557415
7.9,62.6,Bajo,27.0,11.49,Alto,10.097999999999999,0,0,0.29013906447534765
17.2,36.1,Alto,22.0,9.36,Bajo,14.058,0,0,0.4039190897597978
11.8,73.2,Bajo,10.0,4.71,Bajo,2.68,0,0,0.0770026433743248
14.8,62.5,Alto,11.0,1.0,Bajo,4.125,0,0,0.11852085967130216
14.5,68.8,Medio,23.0,1.0,Bajo,7.176,0,0,0.20618319733363985
8.7,100.0,Bajo,36.0,5.71,Bajo,0.0,0,0,0.0
13.4,65.2,Medio,0.0,6.13,Bajo,0.0,0,0,0.0
17.3,93.0,Medio,46.0,34.73,Bajo,3.22,1,0,0.09251810136765891
6.4,80.5,Bajo,17.0,7.98,Bajo,3.315,0,0,0.09524767268130101
13.3,75.4,Bajo,40.0,7.38,Bajo,9.839999999999998,0,0,0.28272612343408804
11.8,61.9,Medio,28.0,16.8,Bajo,10.668,1,0,0.30651649235720035
16.2,65.9,Medio,28.0,6.88,Bajo,9.547999999999998,0,0,0.2743362831858407
16.1,95.3,Medio,14.0,9.16,Bajo,0.6580000000000004,0,0,0.018905872888173785
12.2,89.8,Medio,10.0,10.86,Bajo,1.0200000000000002,0,0,0.02930697620963109
12.0,60.4,Alto,4.0,15.58,Bajo,1.584,1,0,0.04551201011378003
10.1,81.9,Bajo,45.0,1.0,Bajo,8.144999999999998,0,0,0.2340248247327893
16.9,59.5,Bajo,29.0,1.0,Bajo,11.745,0,0,0.33746121135501667
15.2,85.9,Bajo,5.0,3.65,Bajo,0.7049999999999997,0,0,0.02025629238018618
12.9,67.1,Bajo,44.0,1.8,Bajo,14.476000000000004,0,0,0.4159292035398232
19.2,60.1,Medio,4.0,15.28,Bajo,1.5959999999999999,1,0,0.04585679806918745
12.9,60.7,Medio,21.0,15.34,Bajo,8.253,1,0,0.2371279163314562
9.5,73.8,Bajo,44.0,5.94,Bajo,11.528000000000002,0,0,0.33122629582806584
16.9,40.8,Alto,1.0,4.44,Bajo,0.5920000000000001,0,0,0.017009539133432942
13.6,81.8,Medio,29.0,11.02,Bajo,5.2780000000000005,0,0,0.15164923572003222
19.3,100.0,Bajo,16.0,27.33,Bajo,0.0,1,0,0.0
17.8,60.1,Medio,37.0,17.12,Bajo,14.763,1,0,0.42417538213998396
10.5,72.0,Alto,23.0,6.16,Bajo,6.44,0,0,0.18503620273531782
6.9,63.9,Bajo,8.0,8.24,Alto,2.888,0,1,0.08297896793472015
17.1,52.7,Bajo,13.0,4.77,Bajo,6.149,0,0,0.17667509481668775
13.3,69.1,Bajo,45.0,5.35,Bajo,13.905000000000003,0,0,0.3995230433283532
18.2,71.4,Alto,9.0,19.36,Bajo,2.574,1,0,0.07395701643489254
12.3,69.6,Alto,39.0,1.0,Bajo,11.856000000000002,0,0,0.34065049994253543
13.7,92.5,Medio,41.0,6.89,Bajo,3.075,0,0,0.08835191357315253
16.0,41.4,Bajo,19.0,18.85,Bajo,11.134,1,0,0.31990575795885534
14.9,68.7,Alto,39.0,2.53,Bajo,12.206999999999999,0,0,0.3507355476382025
12.1,75.3,Alto,30.0,3.12,Bajo,7.410000000000001,0,0,0.21290656246408465
7.6,85.5,Alto,3.0,2.93,Bajo,0.435,0,0,0.012498563383519137
20.0,50.4,Bajo,22.0,5.1,Bajo,10.912,0,0,0.313527180783818
8.9,70.8,Bajo,5.0,17.55,Bajo,1.46,1,0,0.04194920124123664
19.9,70.6,Medio,10.0,13.15,Bajo,2.9400000000000004,0,0,0.084473049074819
12.6,67.6,Alto,2.0,4.07,Bajo,0.6480000000000001,0,0,0.018618549592000926
7.9,83.7,Medio,29.0,6.45,Bajo,4.726999999999999,0,0,0.13581772210090795
12.4,65.3,Alto,41.0,7.36,Bajo,14.227,0,0,0.408774853465119
9.2,77.3,Bajo,38.0,20.59,Bajo,8.626000000000001,1,0,0.24784507527870367
10.9,100.0,Bajo,45.0,8.79,Bajo,0.0,0,0,0.0
16.1,100.0,Bajo,38.0,1.16,Bajo,0.0,0,0,0.0
7.0,40.3,Alto,9.0,21.51,Alto,5.373000000000001,1,0,0.15437880703367435
8.0,68.3,Medio,6.0,8.2,Alto,1.9020000000000001,0,0,0.05464889093207678
11.2,28.5,Bajo,30.0,3.55,Bajo,21.45,0,1,0.6163084702907712
18.0,78.3,Medio,9.0,5.35,Bajo,1.953,0,0,0.05611423974255834
15.9,77.6,Medio,39.0,1.0,Bajo,8.736000000000002,0,0,0.2510056315366051
15.8,100.0,Medio,33.0,3.2,Bajo,0.0,0,0,0.0
15.3,77.3,Alto,11.0,6.88,Bajo,2.4970000000000003,0,0,0.07174462705436159
15.9,83.4,Alto,42.0,3.28,Bajo,6.971999999999998,0,0,0.20032180209171355
11.7,54.9,Medio,3.0,7.31,Bajo,1.3530000000000002,0,0,0.038874841972187116
15.9,90.6,Medio,29.0,8.85,Bajo,2.7260000000000013,0,0,0.07832433053671996
11.4,67.7,Alto,2.0,22.03,Bajo,0.6459999999999999,1,0,0.01856108493276635
12.0,59.7,Alto,28.0,27.3,Bajo,11.283999999999999,1,0,0.3242156074014481
6.4,89.8,Alto,44.0,7.28,Bajo,4.488000000000001,0,0,0.1289506953223768
13.7,66.7,Medio,38.0,1.74,Bajo,12.653999999999998,0,0,0.3635788989771291
13.2,74.7,Medio,18.0,5.73,Bajo,4.553999999999999,0,0,0.13084702907711757
13.1,57.6,Medio,1.0,11.6,Bajo,0.424,0,0,0.012182507757728998
14.2,72.5,Bajo,7.0,12.21,Bajo,1.925,0,0,0.055309734513274346
13.2,68.2,Medio,15.0,8.22,Bajo,4.77,0,0,0.13705321227445122
7.4,97.1,Bajo,23.0,13.15,Bajo,0.6670000000000013,0,0,0.01916446385472938
8.5,73.4,Medio,21.0,6.9,Bajo,5.585999999999999,0,0,0.16049879324215607
16.1,79.3,Bajo,36.0,11.41,Bajo,7.452000000000001,0,0,0.2141133203080106
17.7,77.3,Bajo,23.0,2.36,Bajo,5.221,0,0,0.15001149293184693
14.2,75.3,Medio,37.0,4.49,Bajo,9.139000000000001,0,0,0.26258476037237105
13.0,84.2,Medio,27.0,3.53,Bajo,4.265999999999999,0,0,0.12257211814733937
19.1,78.1,Bajo,2.0,1.51,Bajo,0.4380000000000001,0,0,0.012584760372370997
11.7,66.9,Bajo,11.0,33.06,Bajo,3.640999999999999,1,0,0.10461441213653602
14.8,91.6,Medio,10.0,8.67,Bajo,0.8400000000000005,0,0,0.024135156878519727
2.2,82.7,Bajo,11.0,45.36,Bajo,1.9029999999999996,1,0,0.05467762326169405
9.1,92.9,Bajo,22.0,15.92,Bajo,1.5619999999999987,1,0,0.044879898862199716
13.0,71.1,Bajo,43.0,9.85,Bajo,12.427000000000003,0,0,0.35705666015400545
11.9,76.7,Bajo,7.0,1.04,Bajo,1.6309999999999996,0,0,0.046862429605792434
14.6,87.0,Medio,46.0,2.79,Bajo,5.98,0,0,0.17181933111136655
15.6,91.3,Alto,27.0,5.37,Bajo,2.349000000000001,0,0,0.06749224227100337
8.7,55.5,Medio,2.0,24.22,Alto,0.89,1,0,0.025571773359383983
13.7,87.7,Bajo,3.0,11.13,Bajo,0.36899999999999994,0,0,0.010602229628778301
15.4,95.2,Bajo,14.0,7.44,Bajo,0.6719999999999996,0,0,0.01930812550281576
16.1,89.7,Medio,12.0,6.0,Bajo,1.2359999999999998,0,0,0.035513159406964714
13.5,91.5,Bajo,11.0,1.0,Bajo,0.935,0,0,0.026864728192161826
9.4,88.7,Medio,42.0,17.28,Bajo,4.745999999999999,1,0,0.13636363636363635
12.3,64.0,Bajo,24.0,50.0,Bajo,8.64,1,0,0.24824732789334564
11.5,63.1,Bajo,29.0,8.19,Bajo,10.700999999999999,0,0,0.3074646592345707
15.6,73.2,Medio,42.0,4.08,Bajo,11.255999999999998,0,0,0.3234111021721641
15.7,76.3,Alto,21.0,1.64,Bajo,4.977,0,0,0.1430008045052293
17.5,75.5,Bajo,23.0,7.44,Bajo,10.78,0,0,0.3097345132743363
8.8,65.0,Bajo,23.0,1.0,Alto,8.05,0,1,0.23129525341914728
6.8,67.6,Bajo,47.0,1.0,Alto,15.228000000000002,0,1,0.4375359154120217
10.1,76.7,Medio,10.0,1.1,Bajo,2.3299999999999996,0,0,0.06694632800827491
14.1,81.5,Bajo,30.0,13.94,Bajo,5.55,0,0,0.1594644293759338
7.1,100.0,Alto,29.0,14.31,Bajo,0.0,0,0,0.0
13.7,78.6,Medio,27.0,2.42,Bajo,5.778000000000002,0,0,0.16601540052867494
12.9,62.2,Alto,4.0,25.57,Bajo,1.5119999999999998,1,0,0.04344328238133548
10.2,84.5,Medio,1.0,16.43,Bajo,0.155,1,0,0.004453511090679233
17.9,70.7,Medio,30.0,1.0,Bajo,8.79,0,0,0.2525571773359384
16.3,80.0,Alto,44.0,7.92,Bajo,8.8,0,0,0.2528445006321113
9.7,50.7,Alto,38.0,10.5,Alto,18.733999999999998,0,1,0.5382714630502241
11.9,66.6,Medio,20.0,1.68,Bajo,6.6800000000000015,0,0,0.19193196184346634
11.3,64.4,Medio,47.0,6.31,Bajo,16.732,0,0,0.4807493391564188
11.6,62.7,Medio,24.0,5.5,Bajo,8.952,0,0,0.25721181473393867
9.5,84.3,Bajo,4.0,2.15,Bajo,0.6280000000000001,0,0,0.018043902999655217
20.0,80.0,Medio,28.0,1.0,Bajo,5.6,0,0,0.16090104585679807
14.4,84.8,Bajo,16.0,6.87,Bajo,2.4320000000000004,0,0,0.06987702562923803
9.8,39.8,Alto,12.0,1.1,Alto,7.224000000000001,0,0,0.20756234915526955
16.9,88.4,Medio,7.0,21.24,Bajo,0.8119999999999996,1,0,0.02333065164923571
14.2,56.6,Bajo,37.0,2.08,Bajo,16.058,0,1,0.4613837489943685
5.7,48.6,Medio,30.0,3.96,Alto,15.42,0,1,0.44305252269854045
18.8,74.6,Medio,43.0,1.0,Bajo,10.922000000000002,0,0,0.3138145040799909
14.2,96.4,Bajo,26.0,8.71,Bajo,0.9359999999999985,0,0,0.026893460521779065
8.8,56.7,Bajo,25.0,3.11,Alto,10.825,0,1,0.3110274681071141
12.5,86.6,Alto,4.0,22.98,Bajo,0.5360000000000003,1,0,0.015400528674864968
14.7,96.6,Alto,15.0,1.36,Bajo,0.5100000000000009,0,0,0.014653488104815565
3.7,65.2,Bajo,12.0,3.28,Alto,4.175999999999999,0,0,0.1199862084817837
8.6,80.2,Medio,41.0,5.9,Bajo,8.117999999999999,0,0,0.2332490518331226
13.5,77.0,Alto,39.0,25.28,Bajo,8.97,1,0,0.2577289966670498
15.1,53.5,Alto,9.0,1.95,Bajo,4.185,0,0,0.12024479944833927
13.7,99.1,Medio,23.0,1.0,Bajo,0.2070000000000013,0,0,0.005947592230778109
14.9,70.2,Medio,46.0,1.0,Bajo,13.708,0,0,0.3938627743937479
15.8,100.0,Medio,41.0,13.0,Bajo,0.0,0,0,0.0
17.3,74.6,Alto,19.0,8.88,Bajo,4.826000000000001,0,0,0.13866222273301926
10.0,78.0,Medio,16.0,11.96,Bajo,3.52,0,0,0.10113780025284451
20.0,73.9,Medio,47.0,4.94,Bajo,12.266999999999998,0,0,0.3524594874152396
10.2,79.4,Medio,24.0,1.62,Bajo,4.943999999999999,0,0,0.14205263762785886
7.4,83.3,Bajo,11.0,2.75,Bajo,1.8370000000000004,0,0,0.052781289506953245
10.3,64.6,Alto,2.0,15.34,Alto,0.7080000000000001,1,0,0.020342489369038045
12.9,82.1,Bajo,27.0,1.0,Bajo,4.833000000000002,0,0,0.13886334904034026
16.1,51.9,Medio,39.0,16.94,Bajo,18.759,1,1,0.5389897712906563
17.4,71.5,Bajo,37.0,18.43,Bajo,10.545,1,0,0.30298241581427426
16.1,55.4,Bajo,46.0,10.33,Bajo,20.516,0,0,0.5894724744282267
12.1,94.9,Medio,0.0,13.22,Bajo,0.0,0,0,0.0
8.5,54.4,Bajo,40.0,25.25,Alto,18.24,1,1,0.5240776922192851
10.2,75.9,Medio,12.0,7.14,Bajo,2.8919999999999995,0,0,0.08309389725318929
11.3,91.7,Medio,38.0,7.53,Bajo,3.1539999999999986,0,0,0.09062176761291803
10.6,84.9,Medio,3.0,19.83,Bajo,0.45299999999999985,1,0,0.01301574531663027
11.7,89.1,Bajo,26.0,13.58,Bajo,2.8340000000000014,0,0,0.08142742213538678
18.5,84.2,Medio,10.0,6.19,Bajo,1.5799999999999996,0,0,0.04539708079531088
11.2,71.5,Bajo,24.0,17.75,Bajo,6.84,1,0,0.19652913458223195
11.7,84.0,Medio,19.0,12.72,Bajo,3.04,0,0,0.08734628203654754
8.9,66.9,Medio,28.0,2.99,Alto,9.267999999999999,0,0,0.26629123089300083
11.5,84.0,Medio,6.0,4.17,Bajo,0.96,0,0,0.027583036432593955
12.3,65.4,Medio,11.0,2.61,Bajo,3.805999999999999,0,0,0.1093552465233881
13.4,86.4,Medio,37.0,18.74,Bajo,5.031999999999998,1,0,0.14458108263417996
15.1,72.5,Medio,32.0,25.58,Bajo,8.8,1,0,0.2528445006321113
8.9,93.7,Alto,25.0,4.83,Bajo,1.5749999999999995,0,0,0.04525341914722445
9.2,74.6,Medio,31.0,11.2,Bajo,7.874000000000002,0,0,0.2262383634065051
14.5,95.3,Medio,30.0,24.21,Bajo,1.4100000000000008,1,0,0.0405125847603724
9.3,66.5,Alto,32.0,4.93,Alto,10.72,0,0,0.3080105734972992
14.6,51.0,Alto,41.0,5.22,Bajo,20.09,0,0,0.5772325020112632
10.4,89.1,Alto,35.0,3.26,Bajo,3.815000000000002,0,0,0.10961383748994376
14.7,68.1,Alto,39.0,3.89,Bajo,12.441,0,0,0.35745891276864733
14.7,75.7,Bajo,24.0,2.51,Bajo,5.831999999999999,0,0,0.16756694632800825
17.7,99.0,Bajo,15.0,23.32,Bajo,0.15,1,0,0.004309849442592805
13.1,66.4,Medio,36.0,5.18,Bajo,12.095999999999998,0,0,0.3475462590506838
13.0,83.7,Bajo,24.0,6.92,Bajo,3.9119999999999995,0,0,0.11240087346282036
10.6,75.3,Bajo,38.0,2.81,Bajo,9.386000000000001,0,0,0.26968164578784054
12.0,79.0,Alto,38.0,13.43,Bajo,7.98,0,0,0.2292839903459373
12.7,71.5,Bajo,43.0,9.36,Bajo,12.255,0,0,0.35211469945983226
5.2,61.7,Alto,47.0,7.47,Alto,18.000999999999998,0,1,0.5172106654407539
10.4,100.0,Bajo,13.0,1.4,Bajo,0.0,0,0,0.0
9.5,85.1,Alto,30.0,2.46,Bajo,4.4700000000000015,0,0,0.12843351338926567
12.3,66.3,Medio,22.0,45.07,Bajo,7.414000000000001,1,0,0.21302149178255378
20.0,59.2,Bajo,11.0,22.8,Bajo,4.4879999999999995,1,0,0.12895069532237674
17.2,91.6,Alto,40.0,5.64,Bajo,3.360000000000002,0,0,0.09654062751407891
11.0,64.1,Alto,27.0,26.8,Bajo,9.693000000000001,1,0,0.27850247098034714
7.0,98.0,Alto,7.0,1.06,Bajo,0.14,0,0,0.004022526146419953
12.8,94.8,Medio,47.0,1.0,Bajo,2.4440000000000013,0,0,0.07022181358464549
11.3,69.8,Alto,15.0,2.53,Bajo,4.53,0,0,0.13015745316630276
14.1,89.4,Bajo,4.0,7.45,Bajo,0.42399999999999977,0,0,0.012182507757728991
7.6,43.1,Bajo,39.0,2.27,Alto,22.191,0,1,0.6375991265371797
12.5,86.8,Bajo,33.0,5.19,Bajo,4.356000000000001,0,0,0.12515802781289512
8.4,77.5,Alto,17.0,3.4,Bajo,3.825,0,0,0.10990116078611656
15.9,95.0,Bajo,30.0,2.21,Bajo,1.5,0,0,0.04309849442592806
17.7,90.8,Bajo,14.0,7.84,Bajo,1.2880000000000005,0,0,0.03700724054706357
13.9,67.8,Alto,2.0,2.48,Bajo,0.644,0,0,0.018503620273531782
8.5,89.6,Bajo,35.0,1.0,Bajo,3.6400000000000023,0,0,0.10458567980691882
12.2,92.5,Bajo,25.0,2.47,Bajo,1.875,0,0,0.05387311803241007
11.0,88.0,Medio,27.0,21.28,Bajo,3.24,1,0,0.09309274796000462
16.3,88.3,Bajo,43.0,3.65,Bajo,5.0310000000000015,0,0,0.14455235030456276
10.7,88.6,Bajo,30.0,11.69,Bajo,3.4200000000000017,0,0,0.09826456729111603
19.0,77.4,Alto,25.0,8.3,Bajo,5.649999999999999,0,0,0.1623376623376623
13.5,59.9,Bajo,47.0,20.7,Bajo,18.847,1,1,0.5415182162969775
8.6,74.7,Medio,32.0,4.13,Bajo,8.095999999999998,0,0,0.23261694058154234
6.9,50.2,Bajo,8.0,9.94,Alto,3.984,0,0,0.11446960119526492
12.6,83.5,Bajo,40.0,3.05,Bajo,6.6,0,0,0.18963337547408346
10.0,100.0,Bajo,18.0,17.56,Bajo,0.0,1,1,0.0
13.6,94.6,Bajo,18.0,4.88,Bajo,0.972000000000001,0,0,0.02792782438800141
15.0,69.9,Medio,26.0,44.47,Bajo,7.825999999999999,1,0,0.2248592115848753
15.6,100.0,Bajo,47.0,2.85,Bajo,0.0,0,0,0.0
11.0,65.4,Medio,1.0,1.45,Bajo,0.3459999999999999,0,0,0.009941386047580736
12.2,89.4,Bajo,23.0,1.0,Bajo,2.437999999999999,0,0,0.0700494196069417
10.0,72.5,Medio,3.0,2.2,Bajo,0.825,0,0,0.023704171934260432
8.9,70.6,Medio,43.0,4.9,Bajo,12.642000000000003,0,0,0.36323411102172176
11.4,52.2,Bajo,8.0,15.75,Bajo,3.824,1,1,0.10987242845649926
11.4,86.0,Medio,25.0,1.63,Bajo,3.5,0,0,0.10056315366049881
7.8,67.4,Medio,18.0,1.0,Alto,5.867999999999999,0,0,0.16860131019423055
11.0,52.8,Medio,30.0,13.83,Bajo,14.16,0,0,0.4068497873807609
14.2,93.3,Medio,38.0,6.99,Bajo,2.546000000000001,0,0,0.07315251120560859
13.5,67.1,Bajo,40.0,6.97,Bajo,13.160000000000002,0,0,0.37811745776347555
12.0,61.3,Alto,18.0,1.0,Bajo,6.966,0,0,0.2001494081140099
10.4,61.3,Medio,30.0,2.88,Alto,11.61,0,0,0.33358234685668314
17.6,44.1,Alto,35.0,30.12,Bajo,19.565,1,0,0.5621480289621884
8.4,100.0,Medio,43.0,34.77,Bajo,0.0,1,0,0.0
12.4,67.5,Bajo,26.0,14.6,Bajo,8.45,0,0,0.24278818526606138
14.0,89.8,Medio,39.0,6.05,Bajo,3.978000000000001,0,0,0.11429720721756124
16.0,60.7,Medio,1.0,36.09,Bajo,0.39299999999999996,1,0,0.01129180553959315
12.0,45.5,Medio,39.0,3.95,Bajo,21.255,0,0,0.6107056660154006
6.8,74.4,Medio,1.0,6.97,Bajo,0.25599999999999995,0,0,0.007355476382025054
11.2,83.0,Medio,34.0,3.53,Bajo,5.78,0,0,0.16607286518790945
17.4,100.0,Bajo,9.0,12.73,Bajo,0.0,0,0,0.0
14.9,72.1,Bajo,1.0,8.37,Bajo,0.2790000000000001,0,0,0.00801631996322262
7.7,87.7,Alto,30.0,6.38,Bajo,3.689999999999999,0,0,0.106022296287783
11.4,75.7,Bajo,27.0,10.38,Bajo,6.560999999999999,0,0,0.18851281461900932
8.5,82.0,Bajo,19.0,22.57,Bajo,3.42,1,0,0.09826456729111598
16.1,79.1,Bajo,2.0,1.78,Bajo,0.4180000000000001,0,0,0.012010113780025288
9.8,74.0,Bajo,22.0,6.78,Bajo,5.72,0,0,0.16434892541087232
9.7,76.5,Bajo,44.0,1.56,Bajo,10.34,0,0,0.29709228824273076
13.4,83.3,Bajo,11.0,3.72,Bajo,1.8370000000000004,0,0,0.052781289506953245
11.0,80.5,Medio,39.0,12.51,Bajo,7.605,0,0,0.21850936673945529
8.5,85.7,Alto,28.0,1.09,Bajo,4.004,0,0,0.11504424778761062
7.8,95.0,Medio,7.0,15.91,Bajo,0.35,1,0,0.01005631536604988
15.6,83.2,Alto,13.0,17.34,Bajo,2.1839999999999997,1,0,0.06275140788415125
11.2,62.1,Bajo,20.0,2.13,Bajo,7.58,0,0,0.21779105849902314
10.4,38.6,Bajo,8.0,26.41,Alto,4.912,1,1,0.14113320308010574
13.2,47.6,Bajo,12.0,2.52,Bajo,6.287999999999999,0,0,0.1806688886334904
19.5,98.0,Bajo,9.0,25.91,Bajo,0.18,1,0,0.005171819331111367
12.0,78.0,Medio,36.0,23.06,Bajo,7.92,1,0,0.22756005056890016
10.6,92.9,Medio,6.0,1.38,Bajo,0.42599999999999966,0,0,0.01223997241696356
12.9,43.1,Bajo,14.0,5.75,Bajo,7.966,0,0,0.22888173773129528
12.4,67.7,Alto,20.0,4.19,Bajo,6.46,0,0,0.1856108493276635
11.8,68.0,Medio,22.0,18.76,Bajo,7.04,1,0,0.20227560050568902
15.9,100.0,Bajo,15.0,2.7,Bajo,0.0,0,0,0.0
13.1,63.3,Medio,21.0,2.12,Bajo,7.707000000000001,0,0,0.22144006436041838
7.9,94.3,Bajo,45.0,7.45,Bajo,2.5650000000000013,0,0,0.07369842546833702
11.7,56.4,Bajo,4.0,6.06,Bajo,1.744,0,0,0.05010918285254569
13.6,93.4,Medio,45.0,6.05,Bajo,2.9699999999999975,0,0,0.08533501896333749
11.4,80.9,Alto,25.0,4.6,Bajo,4.774999999999999,0,0,0.13719687392253763
6.0,59.2,Medio,10.0,1.0,Alto,4.08,0,0,0.11722790483852433
8.4,42.0,Medio,22.0,12.21,Alto,12.76,0,0,0.36662452591656136
14.9,65.0,Medio,45.0,21.35,Bajo,15.75,1,0,0.4525341914722446
13.0,59.6,Bajo,28.0,21.16,Bajo,11.312000000000001,1,0,0.32502011263073216
10.1,82.3,Medio,33.0,14.58,Bajo,5.841000000000001,0,0,0.1678255372945639
5.9,62.6,Medio,15.0,3.29,Alto,5.61,0,0,0.16118836915297094
12.0,70.4,Bajo,46.0,13.38,Bajo,13.615999999999996,0,0,0.3912194000689575
8.4,50.3,Medio,5.0,6.39,Alto,2.485,0,0,0.07139983909895414
11.0,88.7,Bajo,42.0,43.13,Bajo,4.745999999999999,1,0,0.13636363636363635
9.5,43.0,Alto,14.0,9.83,Alto,7.98,0,0,0.2292839903459373
15.3,91.2,Bajo,10.0,25.78,Bajo,0.8799999999999997,1,0,0.02528445006321112
2.9,78.4,Alto,21.0,9.04,Bajo,4.535999999999999,0,0,0.13032984714400642
12.6,90.2,Bajo,17.0,7.13,Bajo,1.6659999999999997,0,0,0.047868061142397424
12.0,76.6,Medio,27.0,1.0,Bajo,6.318000000000001,0,0,0.18153085852200904
10.9,91.8,Alto,20.0,3.46,Bajo,1.6400000000000006,0,0,0.04712102057234803
11.4,74.2,Medio,37.0,1.0,Bajo,9.546,0,0,0.2742788185266061
6.1,64.1,Medio,34.0,3.42,Alto,12.206000000000001,0,0,0.3507068153085853
4.2,64.5,Bajo,20.0,3.3,Alto,7.1,0,1,0.20399954028272613
14.3,64.7,Medio,20.0,18.53,Bajo,7.06,1,0,0.20285024709803473
12.5,72.1,Medio,23.0,1.28,Bajo,6.417000000000002,0,0,0.1843753591541203
15.6,69.7,Bajo,12.0,8.33,Bajo,3.6359999999999997,0,0,0.1044707504884496
16.4,77.0,Bajo,27.0,1.2,Bajo,6.21,0,0,0.17842776692334217
17.5,85.2,Alto,23.0,6.38,Bajo,3.403999999999999,0,0,0.09780485001723938
6.4,72.8,Bajo,35.0,1.99,Bajo,9.520000000000001,0,0,0.2735317779565568
11.7,81.7,Bajo,42.0,5.57,Bajo,7.685999999999999,0,0,0.22083668543845536
11.8,69.0,Bajo,38.0,6.66,Bajo,11.78,0,0,0.33846684289162166
12.3,63.4,Bajo,41.0,6.21,Bajo,15.006000000000002,0,0,0.4311573382369844
17.6,56.6,Bajo,42.0,2.52,Bajo,18.227999999999998,0,1,0.5237329042638778
6.2,84.0,Alto,3.0,12.1,Bajo,0.48,0,0,0.013791518216296978
13.0,55.9,Medio,35.0,5.84,Bajo,15.435,0,0,0.44348350764279976
16.0,70.5,Bajo,19.0,50.0,Bajo,5.605,1,0,0.16104470750488453
8.2,81.2,Bajo,36.0,13.41,Bajo,6.768,0,0,0.1944604068497874
12.9,95.5,Alto,15.0,11.27,Bajo,0.675,0,0,0.01939432249166763
8.7,76.9,Bajo,12.0,7.95,Bajo,2.7719999999999994,0,0,0.07964601769911503
6.6,49.8,Alto,23.0,7.43,Alto,20.582000000000004,0,0,0.5913688081829677
9.5,64.1,Bajo,35.0,7.21,Alto,12.565000000000003,0,0,0.3610217216411908
16.6,84.2,Medio,17.0,5.04,Bajo,2.6859999999999995,0,0,0.07717503735202849
17.1,55.1,Alto,4.0,9.28,Bajo,1.796,0,0,0.05160326399264453
17.0,63.6,Alto,37.0,1.08,Bajo,13.468,0,0,0.3869670152855994
17.3,82.0,Medio,39.0,1.56,Bajo,7.02,0,0,0.2017009539133433
15.8,76.0,Alto,11.0,1.0,Bajo,2.64,0,0,0.07585335018963339
11.3,68.9,Alto,46.0,5.29,Bajo,14.305999999999997,0,0,0.4110447075048845
5.2,57.8,Bajo,4.0,7.68,Alto,1.6880000000000002,0,1,0.04850017239397771
7.2,87.9,Medio,39.0,19.07,Bajo,4.718999999999998,1,0,0.13558786346396962
7.3,89.6,Medio,27.0,1.0,Bajo,2.8080000000000016,0,0,0.08068038156533737
15.5,60.7,Bajo,21.0,9.86,Bajo,8.253,0,0,0.2371279163314562
8.2,90.7,Alto,12.0,1.0,Bajo,1.1159999999999997,0,0,0.03206527985289047
14.0,78.8,Bajo,3.0,17.28,Bajo,0.6360000000000001,1,1,0.0182737616365935
15.8,47.3,Bajo,41.0,2.44,Bajo,21.607000000000003,0,1,0.6208194460406852
11.0,73.0,Alto,30.0,31.46,Bajo,8.1,1,0,0.23273186990001152
15.0,94.2,Alto,2.0,38.35,Bajo,0.11599999999999994,1,0,0.0033329502356051013
17.0,58.9,Alto,39.0,1.75,Bajo,16.029,0,0,0.46055051143546727
16.2,79.7,Medio,44.0,1.0,Bajo,8.931999999999999,0,0,0.25663716814159293
15.7,89.3,Medio,44.0,12.18,Bajo,4.708000000000001,0,0,0.13527180783817958
18.7,75.8,Medio,18.0,16.07,Bajo,4.356,1,0,0.1251580278128951
11.1,67.2,Bajo,41.0,22.87,Bajo,13.448,1,0,0.3863923686932537
11.8,88.3,Bajo,3.0,24.28,Bajo,0.3510000000000001,1,0,0.010085047695667168
4.1,72.7,Medio,32.0,3.2,Bajo,8.735999999999999,0,0,0.251005631536605
13.0,65.9,Medio,26.0,14.19,Bajo,8.866,0,0,0.25474083438685213
18.3,69.6,Medio,16.0,2.91,Bajo,4.864000000000001,0,0,0.13975405125847606
11.8,79.1,Bajo,22.0,1.47,Bajo,4.598000000000002,0,0,0.1321112515802782
8.3,56.6,Medio,5.0,11.2,Alto,2.17,0,0,0.06234915526950926
9.4,89.6,Medio,33.0,15.18,Bajo,3.4320000000000017,1,0,0.09860935524652345
8.3,94.1,Bajo,30.0,6.09,Bajo,1.7700000000000018,0,0,0.05085622342259516
8.5,80.4,Bajo,0.0,14.35,Bajo,0.0,0,0,0.0
14.3,100.0,Bajo,8.0,12.18,Bajo,0.0,0,0,0.0
10.8,95.6,Bajo,41.0,7.21,Bajo,1.8040000000000023,0,0,0.05183312262958288
13.8,95.2,Bajo,23.0,7.84,Bajo,0.1439999999999999,0,0,0.004137455464889091
15.8,70.1,Bajo,47.0,5.17,Bajo,14.053000000000003,0,0,0.4037754281117114
11.7,82.6,Alto,4.0,2.28,Bajo,0.6960000000000002,0,0,0.019997701413630626
14.6,63.6,Medio,45.0,1.99,Bajo,16.38,0,0,0.47063555913113436
8.9,61.1,Medio,7.0,4.97,Alto,2.7230000000000003,0,0,0.07823813354786809
11.5,72.7,Bajo,15.0,21.23,Bajo,4.095,1,0,0.11765888978278359
13.7,100.0,Bajo,8.0,11.94,Bajo,0.0,0,0,0.0
9.2,94.3,Bajo,18.0,21.88,Bajo,1.0260000000000005,1,0,0.029479370187334805
10.2,55.6,Bajo,30.0,2.36,Alto,13.32,0,1,0.3827146305022412
12.1,61.1,Medio,23.0,35.13,Bajo,8.947,1,0,0.25706815308585224
9.2,86.3,Alto,6.0,20.64,Bajo,0.8220000000000002,1,0,0.02361797494540858
9.7,47.9,Medio,32.0,7.57,Alto,16.672,0,1,0.47902539937938177
11.8,71.8,Bajo,40.0,1.0,Bajo,11.28,0,0,0.324100678082979
15.5,77.2,Bajo,26.0,31.55,Bajo,5.928,1,0,0.1703252499712677
13.1,86.9,Bajo,32.0,14.46,Bajo,4.191999999999998,0,0,0.12044592575566024
16.8,65.5,Medio,17.0,3.16,Bajo,5.865,0,0,0.1685151132053787
16.8,83.9,Alto,43.0,19.51,Bajo,6.922999999999997,1,0,0.19891391794046656
20.0,83.1,Bajo,10.0,23.76,Bajo,1.6900000000000006,1,1,0.048557637053212296
5.9,66.8,Alto,44.0,15.13,Alto,14.608000000000002,1,0,0.4197218710493048
14.5,64.7,Bajo,42.0,16.46,Bajo,14.825999999999999,1,0,0.4259855189058729
11.1,82.7,Bajo,23.0,1.29,Bajo,3.978999999999999,0,0,0.11432593954717847
13.6,86.3,Alto,23.0,1.0,Bajo,3.1510000000000007,0,0,0.09053557062406623
12.2,75.4,Bajo,16.0,13.23,Bajo,3.935999999999999,0,0,0.1130904493736352
8.3,100.0,Alto,5.0,1.0,Bajo,0.0,0,0,0.0
14.0,75.1,Bajo,19.0,2.86,Bajo,4.731000000000002,0,0,0.13593265141937716
13.7,74.4,Medio,22.0,1.0,Bajo,5.631999999999998,0,0,0.16182048040455116
8.3,54.1,Medio,20.0,25.97,Alto,9.18,1,1,0.26376278588667973
10.5,88.6,Alto,42.0,6.35,Bajo,4.788000000000002,0,0,0.13757039420756242
15.9,58.2,Medio,0.0,3.67,Bajo,0.0,0,0,0.0
16.4,84.0,Bajo,6.0,7.52,Bajo,0.96,0,0,0.027583036432593955
13.9,96.7,Bajo,21.0,7.19,Bajo,0.6929999999999994,0,0,0.019911504424778747
9.7,64.6,Medio,17.0,3.4,Alto,6.018000000000001,0,0,0.1729111596368234
9.6,65.4,Bajo,28.0,10.37,Alto,9.687999999999999,0,1,0.27835880933226065
18.9,73.5,Bajo,45.0,1.0,Bajo,11.925,0,0,0.3426330306861281
10.2,94.0,Bajo,15.0,25.38,Bajo,0.9,1,0,0.025859096655556836
4.4,100.0,Bajo,15.0,6.09,Bajo,0.0,0,0,0.0
5.3,77.7,Bajo,46.0,5.64,Bajo,10.258,0,0,0.29473623721411335
13.0,72.8,Bajo,23.0,11.56,Bajo,5.984000000000001,0,0,0.1719342604298357
17.9,62.0,Bajo,6.0,13.04,Bajo,2.28,0,0,0.06550971152741064
14.9,87.0,Medio,20.0,18.12,Bajo,2.6,1,0,0.07470405700494197
12.4,83.2,Medio,6.0,1.0,Bajo,1.0079999999999998,0,0,0.02896218825422365
14.9,89.1,Bajo,40.0,3.51,Bajo,4.360000000000002,0,0,0.1252729571313643
14.9,72.1,Bajo,17.0,16.96,Bajo,4.743,1,0,0.13627743937478454
12.4,75.0,Medio,38.0,5.2,Bajo,9.5,0,0,0.27295713136421107
12.7,79.8,Bajo,27.0,1.82,Bajo,5.454000000000001,0,0,0.15670612573267445
10.4,73.7,Medio,28.0,4.37,Bajo,7.363999999999999,0,0,0.21158487530168946
16.3,98.8,Medio,10.0,47.22,Bajo,0.12000000000000029,1,0,0.003447879554074253
17.9,73.5,Alto,23.0,4.8,Bajo,6.095,0,0,0.17512354901735433
7.7,47.2,Medio,31.0,2.84,Alto,16.368,0,1,0.47029077117572693
8.7,81.5,Alto,15.0,7.15,Bajo,2.775,0,0,0.0797322146879669
12.7,66.5,Bajo,27.0,4.44,Bajo,9.045,0,0,0.2598839213883462
16.8,75.0,Medio,44.0,20.24,Bajo,11.0,1,0,0.3160556257901391
18.3,69.3,Bajo,28.0,5.31,Bajo,8.596000000000002,0,0,0.24698310539018511
18.7,91.4,Bajo,3.0,14.57,Bajo,0.25799999999999984,0,0,0.007412941041259622
17.6,64.6,Bajo,12.0,34.15,Bajo,4.248000000000001,1,0,0.12205493621422829
12.8,100.0,Bajo,6.0,9.86,Bajo,0.0,0,0,0.0
9.7,100.0,Medio,2.0,1.34,Bajo,0.0,0,0,0.0
10.9,67.3,Medio,21.0,1.22,Alto,6.867000000000001,0,0,0.1973049074818987
9.8,71.7,Alto,25.0,4.3,Bajo,7.074999999999999,0,0,0.20328123204229398
8.7,86.1,Bajo,21.0,19.2,Bajo,2.919000000000001,1,0,0.08386967015285603
10.0,75.1,Alto,13.0,20.55,Bajo,3.2370000000000005,1,0,0.09300655097115276
11.2,60.7,Alto,25.0,1.16,Bajo,9.825,0,0,0.2822951384898288
13.1,100.0,Medio,24.0,24.72,Bajo,0.0,1,0,0.0
17.5,83.8,Bajo,41.0,1.0,Bajo,6.642000000000001,0,0,0.19084013331800947
11.8,82.2,Medio,12.0,9.07,Bajo,2.1359999999999997,0,0,0.06137225606252155
12.1,100.0,Alto,26.0,1.87,Bajo,0.0,0,0,0.0
12.0,58.5,Bajo,18.0,1.92,Bajo,7.47,0,0,0.21463050224112173
14.0,72.4,Medio,24.0,1.35,Bajo,6.623999999999999,0,0,0.19032295138489827
15.5,96.2,Medio,23.0,7.88,Bajo,0.8739999999999993,0,0,0.025112056085507397
12.9,73.3,Bajo,47.0,7.85,Bajo,12.549000000000001,0,0,0.36056200436731417
6.8,70.0,Medio,9.0,11.79,Bajo,2.7,0,0,0.07757728996667052
15.7,68.8,Medio,23.0,6.01,Bajo,12.168000000000001,0,0,0.34961498678312847
11.0,71.4,Bajo,42.0,2.85,Bajo,12.011999999999999,0,0,0.34513274336283184
14.6,93.9,Medio,28.0,2.55,Bajo,1.7079999999999984,0,0,0.04907481898632337
14.8,58.8,Bajo,44.0,1.61,Bajo,18.128,0,1,0.5208596713021493
15.5,65.0,Bajo,23.0,3.34,Bajo,8.05,0,0,0.23129525341914728
12.8,74.8,Medio,27.0,15.62,Bajo,6.804000000000001,1,0,0.1954947707160097
14.7,73.5,Bajo,43.0,10.29,Bajo,11.395,0,0,0.3274048959889668
14.2,83.5,Alto,5.0,8.21,Bajo,0.825,0,0,0.023704171934260432
14.5,67.2,Medio,24.0,4.14,Bajo,7.871999999999999,0,0,0.22618089874727043
12.0,87.1,Bajo,41.0,8.57,Bajo,5.289000000000002,0,0,0.1519652913458224
11.2,97.2,Alto,38.0,3.1,Bajo,1.063999999999999,0,0,0.030571198712791608
10.7,65.5,Medio,36.0,9.42,Alto,12.42,0,0,0.35685553384668434
14.3,87.7,Alto,1.0,13.59,Bajo,0.12299999999999997,0,0,0.0035340765429261
15.8,83.1,Medio,40.0,8.73,Bajo,6.7600000000000025,0,0,0.19423054821284919
14.5,74.5,Medio,42.0,19.84,Bajo,10.71,1,0,0.3077232502011264
17.3,56.6,Bajo,12.0,4.53,Bajo,5.207999999999999,0,0,0.14963797264682221
16.6,77.5,Medio,46.0,1.95,Bajo,10.35,0,0,0.2973796115389036
16.5,80.3,Bajo,40.0,7.89,Bajo,7.880000000000001,0,0,0.22641075738420877
20.0,61.0,Alto,20.0,1.36,Bajo,7.8,0,0,0.22411217101482592
12.1,77.7,Bajo,7.0,4.02,Bajo,1.5609999999999997,0,0,0.04485116653258246
13.9,68.1,Medio,32.0,17.79,Bajo,10.208000000000002,1,0,0.29329962073324917
12.4,72.7,Bajo,0.0,4.91,Bajo,0.0,0,0,0.0
14.5,86.4,Bajo,47.0,3.37,Bajo,6.391999999999997,0,0,0.183657050913688
17.0,39.8,Bajo,21.0,12.06,Bajo,12.642000000000001,0,0,0.3632341110217217
16.7,70.8,Bajo,1.0,1.97,Bajo,0.29200000000000004,0,0,0.00838984024824733
10.7,55.3,Bajo,46.0,7.18,Alto,20.562,0,1,0.5907941615906219
9.1,80.7,Alto,1.0,30.53,Bajo,0.19299999999999998,1,0,0.005545339616136076
11.5,76.0,Medio,44.0,2.39,Bajo,10.56,0,0,0.30341340075853357
20.0,61.9,Medio,25.0,14.51,Bajo,9.525,0,0,0.2736754396046432
20.0,47.3,Bajo,30.0,7.37,Bajo,15.81,0,0,0.45425813124928177
16.4,98.5,Medio,31.0,9.08,Bajo,0.465,0,0,0.013360533272037699
11.6,59.1,Alto,22.0,9.98,Bajo,8.998,0,0,0.2585335018963338
13.3,80.7,Alto,19.0,1.0,Bajo,3.6669999999999994,0,0,0.10536145270658545
14.0,97.9,Medio,6.0,1.46,Bajo,0.12599999999999967,0,0,0.0036202735317779474
14.4,56.7,Bajo,41.0,20.55,Bajo,17.753,1,1,0.5100850476956672
12.2,43.0,Alto,31.0,22.71,Bajo,17.67,1,1,0.5077002643374325
14.7,65.3,Alto,36.0,1.64,Bajo,12.492,0,0,0.3589242615791289
10.3,69.3,Alto,8.0,18.74,Alto,2.4560000000000004,1,1,0.07056660154005288
14.2,85.9,Alto,37.0,6.68,Bajo,5.216999999999998,0,0,0.14989656361337772
8.9,63.2,Medio,12.0,19.6,Alto,4.4159999999999995,1,1,0.1268819675899322
13.3,34.1,Alto,44.0,10.72,Bajo,28.996000000000002,0,0,0.8331226295828067
19.5,80.1,Bajo,39.0,4.54,Bajo,7.761000000000003,0,0,0.22299161015975186
14.0,79.2,Bajo,38.0,5.27,Bajo,7.903999999999999,0,0,0.22710033329502355
9.9,49.2,Alto,31.0,3.15,Alto,15.748,0,1,0.45247672681301004
17.5,73.6,Medio,46.0,10.81,Bajo,12.144000000000004,0,0,0.34892541087231366
14.0,54.4,Alto,31.0,2.72,Bajo,14.136000000000001,0,0,0.4061602114699461
8.9,89.3,Alto,6.0,1.0,Bajo,0.6420000000000001,0,0,0.018446155614297213
11.3,61.1,Bajo,22.0,2.22,Bajo,8.558,0,0,0.24589127686472823
8.8,89.7,Medio,1.0,12.45,Bajo,0.10299999999999997,0,0,0.0029594299505803926
12.1,80.0,Bajo,41.0,21.74,Bajo,8.2,1,0,0.23560510286174005
11.3,83.2,Bajo,46.0,4.15,Bajo,7.727999999999998,0,0,0.2220434432823813
13.5,58.9,Alto,41.0,1.66,Bajo,16.851000000000003,0,0,0.4841684863808759
14.9,79.8,Medio,15.0,3.65,Bajo,3.0300000000000007,0,0,0.0870589587403747
9.7,64.4,Alto,25.0,7.23,Alto,8.899999999999999,0,0,0.25571773359383976
14.4,87.2,Medio,0.0,5.47,Bajo,0.0,0,0,0.0
8.8,55.8,Bajo,15.0,3.64,Alto,6.63,0,1,0.19049534536260201
13.3,81.7,Medio,28.0,32.55,Bajo,5.123999999999999,1,0,0.1472244569589702
10.9,60.8,Medio,37.0,4.76,Alto,14.504000000000001,0,0,0.4167337087691071
19.0,78.8,Medio,10.0,2.05,Bajo,2.12,0,0,0.06091253878864499
15.9,76.3,Medio,3.0,17.62,Bajo,0.7110000000000001,1,0,0.020428686357889903
12.2,99.5,Medio,17.0,2.39,Bajo,0.085,0,0,0.0024422480174692567
7.1,72.8,Bajo,43.0,13.52,Bajo,11.696000000000002,0,0,0.3360533272037698
15.1,86.4,Medio,38.0,27.31,Bajo,5.1679999999999975,1,0,0.14848867946213073
9.5,61.8,Bajo,41.0,2.12,Alto,15.662,0,1,0.45000574646592356
8.1,100.0,Bajo,10.0,3.86,Bajo,0.0,0,0,0.0
13.8,89.8,Medio,16.0,1.0,Bajo,1.6320000000000006,0,0,0.04689116193540974
16.1,81.0,Medio,10.0,1.96,Bajo,1.9,0,0,0.054591426272842206
12.4,53.9,Bajo,1.0,3.22,Bajo,0.461,0,0,0.013245603953568557
11.4,55.9,Medio,13.0,7.47,Bajo,5.7330000000000005,0,0,0.16472244569589706
7.5,81.3,Alto,21.0,1.0,Bajo,3.9270000000000005,0,0,0.11283185840707967
15.3,65.8,Bajo,17.0,4.58,Bajo,5.814000000000001,0,0,0.1670497643948972
18.0,66.6,Medio,42.0,24.6,Bajo,14.028000000000002,1,0,0.4030571198712793
13.4,89.5,Medio,33.0,36.94,Bajo,3.465,1,0,0.09955752212389381
13.5,67.6,Bajo,36.0,13.25,Bajo,11.664000000000001,0,0,0.3351338926560166
20.0,70.1,Bajo,44.0,6.74,Bajo,13.156000000000004,0,0,0.3780025284450065
15.5,59.0,Medio,4.0,8.93,Bajo,1.64,0,0,0.04712102057234801
12.4,80.1,Bajo,23.0,14.23,Bajo,4.577000000000002,0,0,0.1315078726583152
13.3,59.8,Bajo,20.0,17.76,Bajo,8.04,1,0,0.23100793012297438
15.8,69.5,Medio,37.0,16.89,Bajo,11.285,1,0,0.3242443397310654
3.3,44.1,Medio,28.0,13.6,Alto,15.652000000000001,0,1,0.4497184231697507
13.0,48.9,Bajo,8.0,13.0,Bajo,4.088,0,0,0.1174577634754626
10.9,65.5,Bajo,31.0,26.56,Alto,10.695,1,1,0.3072922652568671
12.0,82.2,Medio,29.0,22.39,Bajo,5.161999999999999,1,0,0.14831628548442707
18.1,62.9,Alto,7.0,2.29,Bajo,2.597,0,0,0.07461786001609011
14.5,83.7,Bajo,18.0,17.0,Bajo,2.9339999999999997,1,0,0.08430065509711528
12.3,76.3,Bajo,28.0,10.71,Bajo,6.636000000000001,0,0,0.19066773934030576
14.8,95.8,Medio,47.0,20.93,Bajo,1.9740000000000015,1,0,0.05671761866452137
12.6,69.2,Alto,0.0,17.28,Bajo,0.0,1,0,0.0
18.6,78.9,Medio,32.0,14.87,Bajo,6.751999999999998,0,0,0.19400068957591077
10.4,73.2,Bajo,35.0,11.86,Bajo,9.379999999999999,0,0,0.2695092518101368
14.7,77.7,Bajo,24.0,6.23,Bajo,5.351999999999999,0,0,0.1537754281117113
17.2,69.1,Bajo,25.0,4.45,Bajo,7.725000000000001,0,0,0.22195724629352956
10.9,100.0,Bajo,5.0,1.0,Bajo,0.0,0,0,0.0
12.7,68.0,Alto,41.0,11.15,Bajo,13.12,0,0,0.37696816457878407
12.5,45.3,Bajo,4.0,4.74,Bajo,2.188,0,0,0.0628663372026204
10.6,76.1,Medio,30.0,1.31,Bajo,7.170000000000003,0,0,0.2060108033559362
16.8,74.2,Alto,23.0,6.22,Bajo,5.934,0,0,0.1704976439489714
20.0,63.4,Medio,42.0,11.34,Bajo,15.372,0,0,0.4416733708769108
16.7,67.8,Bajo,46.0,14.21,Bajo,14.812000000000001,0,0,0.425583266291231
9.7,87.4,Medio,44.0,4.42,Bajo,5.543999999999998,0,0,0.15929203539823006
8.6,78.1,Medio,7.0,2.21,Bajo,1.5330000000000004,0,0,0.044046661303298484
16.3,54.0,Bajo,23.0,41.18,Bajo,1.38,1,0,0.03965061487185381
7.5,68.5,Medio,6.0,15.5,Alto,1.89,1,1,0.05430410297666935
11.8,97.8,Alto,6.0,6.86,Bajo,0.13200000000000017,0,0,0.0037926675094816743
20.0,68.5,Medio,11.0,3.36,Bajo,3.465,0,0,0.09955752212389381
10.9,92.5,Bajo,47.0,3.34,Bajo,3.525,0,0,0.10128146190093094
7.8,61.3,Bajo,3.0,3.97,Alto,1.161,0,0,0.03335823468566832
14.6,81.4,Alto,4.0,1.62,Bajo,0.7439999999999998,0,0,0.021376853235260312
4.3,74.9,Alto,36.0,11.09,Bajo,9.035999999999998,0,0,0.2596253304217906
17.1,79.3,Medio,23.0,3.63,Bajo,4.968000000000001,0,0,0.14274221353867375
10.1,91.7,Medio,3.0,1.0,Bajo,0.24899999999999992,0,0,0.007154350074704056
10.4,72.3,Medio,41.0,14.38,Bajo,11.357000000000001,0,0,0.32631306746351
12.2,44.6,Alto,43.0,5.29,Bajo,23.822,0,0,0.6844615561429721
18.7,57.4,Bajo,1.0,5.28,Bajo,0.426,0,0,0.012239972416963568
13.3,50.3,Bajo,14.0,1.0,Bajo,6.958000000000001,0,0,0.19991954947707166
14.7,64.6,Medio,32.0,3.61,Bajo,11.328000000000001,0,0,0.3254798299046087
12.7,77.7,Bajo,36.0,11.39,Bajo,8.027999999999999,0,0,0.23066314216756695
12.4,97.8,Alto,37.0,4.75,Bajo,0.8140000000000011,0,0,0.023388116308470323
15.9,98.6,Bajo,34.0,13.16,Bajo,0.4760000000000019,0,0,0.013676588897827894
7.8,58.4,Bajo,27.0,17.72,Alto,11.232000000000001,1,1,0.32272152626134937
16.6,78.8,Bajo,11.0,22.06,Bajo,2.3320000000000003,1,1,0.0670037926675095
11.5,85.7,Bajo,23.0,21.03,Bajo,3.2889999999999993,1,0,0.09450063211125156
14.8,60.6,Bajo,13.0,1.0,Bajo,5.121999999999999,0,0,0.14716699229973565
16.4,59.6,Bajo,15.0,25.55,Bajo,6.06,1,0,0.17411791748074934
8.8,56.7,Bajo,25.0,2.03,Alto,10.825,0,1,0.3110274681071141
9.3,58.0,Alto,28.0,1.98,Alto,11.76,0,0,0.33789219629927597
16.9,64.5,Medio,36.0,17.75,Bajo,12.78,1,0,0.36719917250890705
16.8,87.8,Medio,37.0,1.0,Bajo,4.514000000000001,0,0,0.1296977358924262
8.9,62.0,Bajo,30.0,8.96,Alto,11.4,0,1,0.32754855763705326
5.5,76.1,Medio,12.0,12.28,Bajo,2.8680000000000008,0,0,0.08240432134237448
10.2,100.0,Medio,32.0,1.54,Bajo,0.0,0,0,0.0
8.2,62.4,Medio,19.0,2.49,Alto,7.144,0,0,0.2052637627858867
17.0,63.2,Alto,42.0,2.44,Bajo,15.456,0,0,0.4440868865647627
14.4,62.7,Bajo,1.0,2.35,Bajo,0.373,0,0,0.010717158947247445
17.0,64.9,Medio,8.0,2.2,Bajo,2.8079999999999994,0,0,0.08068038156533731
11.3,74.5,Medio,17.0,50.0,Bajo,4.335,1,0,0.1245546488909321
15.8,79.3,Alto,42.0,16.22,Bajo,8.694,1,0,0.24979887369267906
7.9,73.3,Medio,32.0,4.03,Bajo,8.544,0,0,0.24548902425008623
15.1,56.2,Bajo,35.0,3.94,Bajo,15.33,0,0,0.4404666130329848
10.5,100.0,Medio,47.0,11.91,Bajo,0.0,0,0,0.0
13.9,68.8,Medio,21.0,16.82,Bajo,6.5520000000000005,1,0,0.18825422365245378
10.2,91.4,Medio,7.0,1.0,Bajo,0.6019999999999996,0,0,0.017296862429605785
11.6,48.1,Alto,38.0,1.0,Bajo,19.722,0,0,0.5666590047121022
11.5,77.0,Medio,3.0,7.11,Bajo,0.69,0,0,0.019825307435926906
14.4,72.6,Bajo,6.0,1.68,Bajo,1.6440000000000003,0,0,0.04723594989081716
12.4,78.7,Bajo,35.0,9.75,Bajo,7.454999999999999,0,0,0.21419951729686243
7.9,83.7,Alto,41.0,4.07,Bajo,6.682999999999998,0,0,0.1920181588323181
16.9,67.2,Medio,41.0,12.45,Bajo,13.448,0,0,0.3863923686932537
13.2,88.3,Alto,26.0,15.35,Bajo,3.0420000000000003,1,0,0.08740374669578212
9.7,80.6,Bajo,20.0,4.9,Bajo,3.8800000000000012,0,0,0.11148143891506729
11.5,75.9,Alto,40.0,15.79,Bajo,9.639999999999997,1,0,0.2769796575106309
14.0,86.4,Medio,15.0,7.56,Bajo,2.039999999999999,0,0,0.058613952419262136
6.9,100.0,Bajo,41.0,1.0,Bajo,0.0,0,0,0.0
15.5,76.0,Medio,12.0,4.63,Bajo,2.88,0,0,0.08274910929778187
15.4,77.1,Bajo,18.0,14.27,Bajo,4.122000000000001,0,0,0.11843466268245033
8.5,61.0,Alto,4.0,37.66,Alto,1.56,1,1,0.04482243420296518
16.6,84.7,Medio,37.0,17.61,Bajo,5.660999999999999,1,0,0.16265371796345246
10.4,86.9,Bajo,27.0,3.53,Bajo,3.536999999999998,0,0,0.10162624985633831
20.0,63.1,Bajo,41.0,1.68,Bajo,15.128999999999998,0,0,0.43469141477991036
12.9,88.0,Medio,6.0,1.0,Bajo,0.72,0,0,0.020687277324445467
12.2,72.1,Alto,18.0,2.33,Bajo,5.022000000000001,0,0,0.14429375933800717
14.3,70.2,Bajo,12.0,1.0,Bajo,3.5759999999999996,0,0,0.10274681071141248
7.6,65.7,Alto,4.0,13.06,Alto,1.3719999999999999,0,0,0.039420756234915526
9.3,72.6,Bajo,9.0,17.7,Bajo,2.4660000000000006,1,0,0.07085392483622575
15.2,82.8,Bajo,27.0,50.0,Bajo,4.644000000000001,1,0,0.1334329387426733
7.2,61.5,Medio,24.0,17.89,Alto,9.24,1,1,0.26548672566371684
12.1,81.5,Bajo,47.0,21.32,Bajo,8.695,1,0,0.24982760602229634
15.3,96.7,Medio,5.0,9.15,Bajo,0.16499999999999987,0,0,0.004740834386852083
16.6,67.8,Alto,7.0,12.19,Bajo,2.2540000000000004,0,0,0.06476267095736124
11.6,74.4,Alto,45.0,4.24,Bajo,11.519999999999998,0,0,0.3309964371911274
13.1,83.6,Medio,2.0,1.0,Bajo,0.3280000000000001,0,0,0.009424204114469606
16.4,100.0,Bajo,44.0,4.21,Bajo,0.0,0,0,0.0
5.0,81.1,Bajo,37.0,14.64,Bajo,6.993000000000002,0,0,0.20092518101367668
18.5,62.3,Medio,6.0,6.07,Bajo,2.262,0,0,0.06499252959429952
8.8,69.6,Bajo,18.0,40.06,Alto,5.472,1,1,0.15722330766578557
13.8,82.3,Medio,1.0,5.94,Bajo,0.17700000000000002,0,0,0.005085622342259511
7.5,82.2,Bajo,6.0,7.23,Bajo,1.0679999999999998,0,0,0.030686128031260775
18.5,100.0,Medio,33.0,2.03,Bajo,0.0,0,0,0.0
14.2,85.4,Medio,17.0,24.43,Bajo,2.481999999999999,1,0,0.07131364211010226
18.1,91.2,Bajo,16.0,10.69,Bajo,1.4079999999999995,0,0,0.04045512010113779
14.3,94.0,Bajo,18.0,1.0,Bajo,1.08,0,0,0.031030915986668205
18.0,39.9,Medio,34.0,1.7,Bajo,20.434,0,0,0.5871164233996093
13.5,59.6,Bajo,6.0,3.85,Bajo,2.424,0,0,0.06964716699229974
8.1,83.8,Bajo,8.0,6.96,Bajo,1.2960000000000003,0,0,0.03723709918400185
4.4,55.5,Bajo,47.0,10.06,Alto,20.915,0,1,0.6009366739455235
6.4,79.5,Medio,18.0,1.0,Bajo,3.69,0,0,0.10602229628778302
16.2,76.4,Medio,37.0,1.0,Bajo,8.731999999999998,0,0,0.2508907022181358
20.0,51.7,Alto,25.0,2.59,Bajo,12.075,0,0,0.3469428801287209
9.3,71.1,Medio,7.0,7.13,Bajo,2.0230000000000006,0,0,0.05812550281576832
15.0,74.0,Bajo,1.0,3.96,Bajo,0.26,0,0,0.007470405700494198
13.0,38.3,Bajo,13.0,3.91,Bajo,8.021,0,0,0.230462015860246
15.0,50.2,Bajo,29.0,4.72,Bajo,14.441999999999998,0,0,0.4149523043328353
12.5,63.1,Bajo,10.0,2.1,Bajo,3.69,0,0,0.10602229628778302
13.9,88.7,Bajo,39.0,20.35,Bajo,4.406999999999999,1,0,0.1266233766233766
6.5,88.0,Bajo,44.0,9.32,Bajo,5.28,0,0,0.15170670037926678
14.5,75.9,Medio,44.0,6.56,Bajo,10.603999999999996,0,0,0.30467762326169395
16.4,82.7,Bajo,18.0,14.08,Bajo,3.114,0,0,0.08947247442822664
14.5,76.6,Bajo,0.0,1.68,Bajo,0.0,0,0,0.0
13.0,66.2,Bajo,14.0,1.0,Bajo,4.731999999999999,0,0,0.13596138374899436
12.8,82.7,Medio,38.0,1.56,Bajo,6.573999999999999,0,0,0.188886334904034
20.0,64.9,Alto,42.0,3.88,Bajo,14.741999999999997,0,0,0.4235720032180209
15.0,81.7,Bajo,1.0,6.21,Bajo,0.18299999999999997,0,0,0.0052580163199632225
5.1,65.1,Medio,27.0,1.0,Alto,9.423000000000002,0,0,0.27074474198368015
10.4,84.0,Alto,29.0,9.8,Bajo,4.64,0,0,0.13331800942420413
9.7,82.8,Bajo,6.0,10.78,Bajo,1.0320000000000003,0,0,0.02965176416503851
7.4,79.2,Bajo,16.0,7.8,Bajo,3.3279999999999994,0,0,0.09562119296632571
7.4,100.0,Medio,33.0,1.0,Bajo,0.0,0,0,0.0
11.1,64.9,Medio,1.0,7.28,Bajo,0.3509999999999999,0,0,0.010085047695667164
7.6,59.4,Bajo,43.0,9.64,Alto,17.458,0,1,0.501609010458568
15.7,83.9,Bajo,21.0,5.5,Bajo,3.380999999999999,0,0,0.09714400643604182
11.4,53.3,Medio,23.0,3.04,Bajo,4.203,0,0,0.12076198138145043
10.6,77.7,Medio,10.0,1.0,Bajo,2.2299999999999995,0,0,0.06407309504654637
15.2,60.3,Bajo,23.0,1.0,Bajo,9.131,0,0,0.26235490173543274
13.2,84.1,Medio,28.0,2.64,Bajo,4.452000000000002,0,0,0.12791633145615453
5.3,76.6,Alto,19.0,1.97,Bajo,4.4460000000000015,0,0,0.1277439374784508
13.2,82.0,Alto,46.0,2.01,Bajo,8.28,0,0,0.23790368923112287
7.9,76.0,Medio,31.0,30.0,Bajo,7.44,1,0,0.21376853235260318
10.3,54.5,Medio,0.0,6.05,Alto,0.0,0,0,0.0
13.5,95.6,Medio,4.0,21.96,Bajo,0.17600000000000024,1,0,0.005056890012642232
16.3,100.0,Medio,39.0,6.08,Bajo,0.0,0,0,0.0
10.8,48.1,Bajo,38.0,11.49,Alto,19.722,0,1,0.5666590047121022
12.1,79.2,Medio,6.0,1.0,Bajo,1.2479999999999998,0,0,0.03585794736237214
7.1,63.1,Bajo,34.0,11.26,Alto,12.546,0,0,0.3604758073784623
10.2,87.6,Medio,16.0,1.0,Bajo,1.9840000000000009,0,0,0.05700494196069421
12.4,74.9,Bajo,41.0,5.43,Bajo,10.290999999999997,0,0,0.29568440409148367
9.0,55.4,Bajo,33.0,14.03,Alto,14.718,0,1,0.4228824273072061
13.1,62.1,Medio,19.0,50.0,Bajo,7.2010000000000005,1,0,0.206901505574072
10.9,70.3,Alto,17.0,30.7,Bajo,5.049,1,0,0.14506953223767385
10.9,61.7,Bajo,10.0,2.78,Alto,3.83,0,1,0.11004482243420298
15.4,88.2,Medio,29.0,35.21,Bajo,3.4219999999999993,1,0,0.09832203195035052
15.6,85.6,Alto,28.0,5.61,Bajo,4.032000000000002,0,0,0.11584875301689468
14.7,88.9,Alto,47.0,12.27,Bajo,5.216999999999997,0,0,0.1498965636133777
15.8,86.5,Medio,47.0,18.61,Bajo,6.345,1,0,0.1823066314216757
17.5,77.6,Medio,31.0,16.28,Bajo,6.944000000000002,1,0,0.19951729686242967
9.9,84.2,Alto,4.0,3.74,Bajo,0.6319999999999999,0,0,0.018158832318124353
11.3,72.0,Medio,5.0,3.31,Bajo,1.4,0,0,0.04022526146419952
10.7,67.1,Bajo,33.0,6.94,Alto,10.857000000000003,0,1,0.31194690265486735
10.3,78.1,Bajo,6.0,11.35,Bajo,1.3140000000000003,0,0,0.03775428111711299
9.3,85.6,Medio,37.0,7.56,Bajo,5.328000000000002,0,0,0.15308585220089652
12.9,60.8,Medio,18.0,9.95,Bajo,7.056,0,0,0.2027353177795656
15.4,75.9,Medio,21.0,1.47,Bajo,5.060999999999999,0,0,0.14541432019308126
9.4,66.6,Medio,6.0,14.33,Alto,2.0040000000000004,0,0,0.0575795885530399
10.5,87.0,Medio,46.0,4.1,Bajo,5.98,0,0,0.17181933111136655
11.9,78.2,Bajo,25.0,10.74,Bajo,5.449999999999999,0,0,0.15659119641420527
9.1,74.8,Medio,41.0,2.73,Bajo,10.332,0,0,0.2968624296057925
10.7,88.7,Bajo,45.0,9.65,Bajo,5.084999999999999,0,0,0.1461038961038961
13.3,90.0,Bajo,37.0,3.64,Bajo,3.7,0,0,0.10630961958395589
13.0,75.1,Medio,23.0,2.15,Bajo,2.988000000000001,0,0,0.08585220089644872
12.9,74.1,Bajo,29.0,1.0,Bajo,7.511000000000001,0,0,0.21580852775543047
13.8,57.9,Medio,45.0,5.18,Bajo,18.945,0,0,0.5443339845994714
11.2,93.9,Bajo,33.0,4.99,Bajo,2.012999999999998,0,0,0.057838179519595405
15.4,82.2,Medio,46.0,5.17,Bajo,8.187999999999999,0,0,0.2352603149063326
12.6,56.8,Bajo,26.0,3.92,Bajo,11.232000000000001,0,0,0.32272152626134937
7.5,66.1,Medio,43.0,15.0,Alto,14.577000000000004,0,0,0.418831168831169
12.7,57.5,Alto,42.0,22.17,Bajo,17.85,1,0,0.512872083668544
9.6,85.4,Alto,38.0,2.09,Bajo,5.547999999999997,0,0,0.15940696471669918
13.0,77.9,Alto,16.0,2.5,Bajo,3.535999999999999,0,0,0.10159751752672105
11.9,60.9,Medio,0.0,4.55,Bajo,0.0,0,0,0.0
11.2,65.4,Alto,33.0,6.65,Bajo,11.417999999999997,0,0,0.3280657395701643
14.6,93.3,Alto,18.0,10.46,Bajo,1.2060000000000004,0,0,0.034651189518446174
2.5,59.8,Alto,16.0,6.38,Alto,6.432,0,0,0.18480634409837954
10.7,75.7,Bajo,33.0,6.09,Bajo,8.018999999999998,0,0,0.23040455120101136
12.4,51.8,Medio,17.0,3.37,Bajo,8.194,0,0,0.23543270888403636
8.9,96.3,Medio,23.0,3.04,Bajo,0.8510000000000006,0,0,0.02445121250430987
10.7,70.9,Medio,35.0,5.73,Bajo,10.184999999999997,0,0,0.29263877715205144
16.4,81.9,Alto,34.0,1.0,Bajo,6.153999999999999,0,0,0.17681875646477416
15.1,83.4,Alto,47.0,16.76,Bajo,7.801999999999997,1,0,0.2241696356740604
16.0,56.1,Medio,22.0,1.0,Bajo,9.658,0,0,0.2774968394437421
13.0,88.9,Alto,32.0,7.64,Bajo,3.5519999999999983,0,0,0.1020572348005976
9.5,100.0,Alto,46.0,2.43,Bajo,0.0,0,0,0.0
10.9,81.0,Bajo,12.0,18.28,Bajo,2.28,1,0,0.06550971152741064
7.9,86.1,Bajo,12.0,14.43,Bajo,1.6680000000000006,0,0,0.04792552580163202
3.7,97.8,Medio,19.0,15.58,Bajo,0.41800000000000054,1,0,0.0120101137800253
8.6,61.8,Medio,38.0,3.1,Alto,14.516000000000002,0,0,0.4170784967245145
10.2,56.4,Bajo,24.0,8.29,Alto,10.464,0,1,0.30065509711527416
15.3,82.5,Medio,3.0,1.96,Bajo,0.525,0,0,0.015084473049074822
5.9,78.6,Bajo,18.0,1.87,Bajo,3.852000000000001,0,0,0.1106769336857833
11.1,70.1,Alto,0.0,2.48,Bajo,0.0,0,0,0.0
14.2,69.3,Medio,43.0,1.0,Bajo,13.201,0,0,0.37929548327778423
19.2,68.0,Medio,34.0,6.77,Bajo,10.88,0,0,0.31260774623606485
7.8,61.9,Alto,37.0,25.86,Alto,14.097000000000001,1,1,0.40503965061487196
14.4,53.3,Alto,15.0,30.79,Bajo,7.005,1,0,0.20126996896908403
11.7,60.8,Bajo,38.0,22.4,Bajo,14.896,1,0,0.4279967819790829
8.0,68.4,Medio,28.0,6.19,Alto,8.847999999999999,0,0,0.25422365245374096
8.6,56.1,Bajo,21.0,50.0,Alto,9.219,1,1,0.26488334674175384
18.0,84.9,Bajo,21.0,1.0,Bajo,3.170999999999999,0,0,0.09111021721641188
4.7,96.0,Bajo,42.0,7.69,Bajo,1.68,0,0,0.048270313757039426
11.0,89.9,Bajo,26.0,4.55,Bajo,2.6259999999999986,0,0,0.07545109757499135
16.9,95.4,Bajo,43.0,20.45,Bajo,1.9779999999999975,1,0,0.056832547982990395
11.4,89.0,Alto,31.0,3.37,Bajo,3.41,0,0,0.09797724399494312
12.9,84.0,Bajo,23.0,1.0,Bajo,3.68,0,0,0.10573497299161018
16.1,54.3,Medio,42.0,20.49,Bajo,19.194000000000003,1,1,0.5514883346741756
12.6,73.6,Medio,26.0,1.0,Bajo,6.864000000000001,0,0,0.19721871049304682
15.9,65.2,Alto,12.0,16.47,Bajo,4.175999999999999,1,0,0.1199862084817837
7.4,66.1,Bajo,17.0,2.01,Alto,5.763000000000001,0,1,0.16558441558441564
13.2,71.5,Bajo,44.0,15.66,Bajo,12.54,1,0,0.36030341340075855
10.3,74.9,Bajo,39.0,7.03,Bajo,9.788999999999998,0,0,0.28126077462360644
14.8,75.5,Medio,6.0,1.0,Bajo,1.47,0,0,0.042236524537409496
9.5,81.9,Alto,8.0,12.19,Bajo,1.4479999999999995,0,0,0.04160441328582921
12.1,85.8,Bajo,2.0,7.91,Bajo,0.28400000000000003,0,0,0.008159981611309047
11.8,72.6,Medio,16.0,5.55,Bajo,4.384000000000001,0,0,0.1259625330421791
14.0,82.7,Medio,12.0,1.94,Bajo,2.0759999999999996,0,0,0.05964831628548442
14.5,68.6,Alto,13.0,18.76,Bajo,4.082000000000001,1,0,0.11728536949775892
13.4,81.2,Medio,24.0,7.44,Bajo,4.512,0,0,0.12964027123319158
15.3,51.9,Bajo,23.0,26.76,Bajo,19.721,1,1,0.5666302723824849
9.4,63.0,Alto,18.0,17.85,Alto,6.66,1,1,0.1913573152511206
11.2,80.3,Bajo,20.0,31.9,Bajo,3.9400000000000004,1,0,0.11320537869210438
13.0,77.9,Bajo,19.0,5.61,Bajo,4.198999999999999,0,0,0.12064705206298125
17.2,74.9,Alto,0.0,12.54,Bajo,0.0,0,0,0.0
10.5,62.8,Bajo,0.0,1.65,Alto,0.0,0,1,0.0
14.6,93.0,Alto,17.0,1.0,Bajo,1.19,0,0,0.034191472244569594
9.3,90.4,Medio,0.0,12.7,Bajo,0.0,0,0,0.0
12.3,66.7,Medio,24.0,30.76,Bajo,7.991999999999999,1,0,0.22962877830134468
14.6,78.8,Bajo,14.0,16.59,Bajo,2.968000000000001,1,0,0.08527755430410301
13.8,76.7,Medio,47.0,5.23,Bajo,10.950999999999999,0,0,0.3146477416388921
9.8,90.7,Medio,7.0,17.23,Bajo,0.6509999999999998,1,0,0.018704746580852773
16.6,63.0,Alto,17.0,1.0,Bajo,6.29,0,0,0.180726353292725
10.4,69.1,Bajo,20.0,1.0,Alto,6.1800000000000015,0,0,0.17756579703482364
8.9,81.0,Medio,28.0,8.85,Bajo,5.32,0,0,0.15285599356395818
14.8,89.0,Medio,47.0,13.36,Bajo,5.17,0,0,0.14854614412136538
13.2,82.3,Medio,24.0,2.61,Bajo,4.248000000000001,0,0,0.12205493621422829
17.1,60.2,Medio,9.0,1.0,Bajo,3.582,0,0,0.10291920468911621
12.6,78.7,Bajo,35.0,2.34,Bajo,7.454999999999999,0,0,0.21419951729686243
9.4,92.3,Alto,11.0,21.86,Bajo,0.8470000000000003,1,0,0.02433628318584072
10.7,96.1,Medio,41.0,9.46,Bajo,1.5990000000000024,0,0,0.04594299505803938
13.2,59.2,Alto,0.0,1.0,Bajo,0.0,0,0,0.0
14.9,77.3,Bajo,4.0,7.86,Bajo,0.9080000000000001,0,0,0.026088955292495122
13.5,74.5,Alto,12.0,1.0,Bajo,3.06,0,0,0.08792092862889324
10.2,100.0,Alto,31.0,1.83,Bajo,0.0,0,0,0.0
15.3,78.9,Alto,13.0,7.5,Bajo,2.7429999999999994,0,0,0.07881278014021376
12.9,57.0,Medio,36.0,4.08,Bajo,15.48,0,0,0.44477646247557756
13.1,92.1,Bajo,39.0,23.67,Bajo,3.0810000000000026,1,0,0.08852430755085632
14.1,75.4,Alto,15.0,2.24,Bajo,3.689999999999999,0,0,0.106022296287783
15.3,96.6,Alto,32.0,4.72,Bajo,1.0880000000000019,0,0,0.03126077462360654
11.3,94.8,Medio,19.0,5.37,Bajo,0.9880000000000005,0,0,0.028387541661877964
10.2,81.7,Alto,33.0,10.74,Bajo,6.038999999999999,0,0,0.17351453855878635
9.1,87.3,Alto,14.0,4.72,Bajo,1.7780000000000005,0,0,0.051086082059533404
12.4,66.9,Bajo,9.0,18.0,Bajo,2.9789999999999996,1,1,0.08559360992989312
10.0,71.6,Alto,42.0,5.18,Bajo,11.928000000000003,0,0,0.34271922767498003
12.7,65.4,Bajo,6.0,1.02,Bajo,2.0759999999999996,0,0,0.05964831628548442
12.6,73.7,Bajo,2.0,2.58,Bajo,0.5259999999999999,0,0,0.015113205378692103
8.2,71.6,Medio,3.0,25.62,Bajo,0.8520000000000002,1,0,0.024479944833927143
17.7,100.0,Bajo,35.0,1.83,Bajo,0.0,0,0,0.0
14.3,77.2,Medio,25.0,4.82,Bajo,5.699999999999999,0,0,0.1637742788185266
7.5,69.3,Alto,15.0,1.0,Alto,4.605,0,0,0.13231237788759914
16.9,72.6,Bajo,23.0,20.65,Bajo,4.110000000000001,1,0,0.11808987472704292
13.4,85.4,Bajo,18.0,24.52,Bajo,2.627999999999999,1,0,0.07550856223422593
13.9,42.1,Medio,21.0,20.16,Bajo,12.158999999999999,1,0,0.3493563958165728
18.7,62.1,Medio,16.0,1.99,Bajo,6.064,0,0,0.1742328467992185
8.9,50.6,Bajo,8.0,6.67,Alto,3.952,0,1,0.11355016664751179
11.8,62.1,Medio,30.0,20.64,Bajo,11.37,1,0,0.32668658774853465
7.3,72.7,Medio,44.0,18.47,Bajo,12.011999999999999,1,0,0.34513274336283184
3.7,69.4,Bajo,35.0,11.99,Alto,10.709999999999997,0,1,0.3077232502011263
7.6,59.1,Medio,0.0,7.33,Alto,0.0,0,0,0.0
19.4,75.3,Bajo,40.0,3.92,Bajo,9.88,0,0,0.2838754166187795
7.5,77.2,Bajo,38.0,3.33,Bajo,8.663999999999998,0,0,0.24893690380416042
11.5,84.5,Medio,21.0,10.75,Bajo,3.255,0,0,0.09352373290426388
9.1,89.8,Medio,16.0,5.75,Bajo,1.6320000000000006,0,0,0.04689116193540974
7.5,83.9,Bajo,43.0,21.97,Bajo,6.922999999999997,1,0,0.19891391794046656
8.4,65.3,Alto,23.0,9.55,Alto,0.6940000000000001,0,0,0.01994023675439605
12.3,58.1,Bajo,37.0,7.31,Bajo,15.503,0,0,0.4454373060567751
13.4,89.4,Bajo,34.0,1.0,Bajo,3.603999999999998,0,0,0.10355131594069643
17.1,76.6,Bajo,19.0,1.0,Bajo,4.4460000000000015,0,0,0.1277439374784508
13.2,86.8,Bajo,43.0,1.32,Bajo,5.676000000000001,0,0,0.16308470290771182
7.2,59.6,Bajo,7.0,4.24,Alto,2.8280000000000003,0,1,0.08125502815768304
16.1,78.8,Alto,17.0,1.06,Bajo,3.6040000000000005,0,0,0.1035513159406965
10.1,67.0,Medio,7.0,25.74,Alto,2.31,1,1,0.06637168141592921
11.8,80.7,Medio,16.0,2.13,Bajo,3.0879999999999996,0,0,0.08872543385817722
16.6,98.9,Bajo,11.0,2.07,Bajo,0.12099999999999937,0,0,0.003476611883691512
15.0,51.7,Alto,1.0,13.32,Bajo,0.483,0,0,0.013877715205148834
14.2,47.2,Bajo,28.0,7.81,Bajo,14.783999999999999,0,0,0.4247787610619469
13.0,93.7,Bajo,31.0,38.7,Bajo,1.952999999999999,1,0,0.0561142397425583
10.3,53.1,Medio,45.0,12.64,Alto,21.105,0,1,0.6063958165728078
12.2,88.5,Alto,37.0,1.05,Bajo,4.255,0,0,0.12225606252154926
11.0,59.7,Alto,18.0,3.88,Bajo,7.254,0,0,0.20842431904378808
11.8,50.4,Bajo,1.0,33.48,Bajo,0.496,1,0,0.014251235490173545
15.5,53.7,Medio,28.0,15.39,Bajo,12.963999999999999,1,0,0.37248592115848755
18.4,92.1,Bajo,4.0,6.04,Bajo,0.3160000000000002,0,0,0.009079416159062185
15.8,95.6,Medio,35.0,11.98,Bajo,1.540000000000002,0,0,0.04424778761061953
19.9,99.6,Alto,12.0,20.85,Bajo,0.04800000000000068,1,0,0.0013791518216297175
15.6,72.2,Bajo,42.0,1.43,Bajo,11.675999999999998,0,0,0.335478680611424
10.0,62.5,Alto,24.0,1.49,Alto,9.0,0,0,0.25859096655556835
15.2,47.7,Medio,36.0,22.42,Bajo,18.828,1,0,0.540972302034249
17.0,78.5,Alto,15.0,19.22,Bajo,3.225,1,0,0.09266176301574533
12.6,88.3,Alto,27.0,7.41,Bajo,3.1590000000000007,0,0,0.09076542926100452
20.0,50.3,Bajo,40.0,4.73,Bajo,19.88,0,0,0.5711987127916331
12.4,64.6,Medio,3.0,3.25,Bajo,1.0620000000000003,0,0,0.030513734053557073
9.0,53.3,Bajo,8.0,3.86,Alto,3.736,0,0,0.10734398345017816
10.6,62.3,Alto,10.0,1.0,Alto,3.77,0,0,0.10832088265716586
17.2,68.5,Bajo,46.0,17.75,Bajo,14.49,1,0,0.41633145615446504
10.2,82.7,Bajo,11.0,25.08,Bajo,1.9029999999999996,1,0,0.05467762326169405
15.9,68.4,Bajo,3.0,7.35,Bajo,0.9479999999999998,0,0,0.02723824847718653
11.4,64.8,Bajo,37.0,7.49,Bajo,13.024000000000001,0,0,0.3742098609355247
5.5,80.1,Medio,2.0,5.09,Bajo,0.39800000000000013,0,0,0.011435467187679581
15.6,93.0,Medio,45.0,7.46,Bajo,3.15,0,0,0.09050683829444892
3.4,48.4,Bajo,18.0,4.74,Alto,9.288,0,0,0.26686587748534657
11.3,57.9,Bajo,21.0,20.36,Bajo,8.841000000000001,1,0,0.25402252614642
11.1,56.3,Alto,14.0,1.0,Bajo,6.118,0,0,0.17578439259855191
14.6,65.8,Bajo,2.0,20.21,Bajo,0.684,1,0,0.019652913458223197
13.8,96.3,Medio,5.0,7.64,Bajo,0.18500000000000014,0,0,0.0053154809791977975
17.6,91.3,Medio,32.0,1.0,Bajo,2.7840000000000007,0,0,0.0799908056545225
16.2,86.1,Medio,34.0,3.25,Bajo,4.726000000000002,0,0,0.13578898977129072
12.6,54.8,Medio,21.0,1.0,Bajo,9.492,0,0,0.27272727272727276
11.8,95.2,Alto,30.0,25.05,Bajo,1.439999999999999,1,0,0.04137455464889091
11.7,98.7,Medio,41.0,13.13,Bajo,0.5329999999999988,0,0,0.01531433168601307
15.5,90.7,Bajo,16.0,1.0,Bajo,1.4879999999999995,0,0,0.042753706470520625
14.0,67.3,Bajo,45.0,11.48,Bajo,14.715000000000002,0,0,0.42279623031835434
6.7,83.9,Medio,43.0,1.7,Bajo,6.922999999999997,0,0,0.19891391794046656
14.2,69.3,Medio,46.0,2.37,Bajo,14.122,0,0,0.405757958855304
10.4,68.3,Medio,42.0,13.27,Alto,13.314,0,0,0.38254223652453745
10.1,88.3,Alto,22.0,12.18,Bajo,2.5740000000000007,0,0,0.07395701643489257
13.4,79.7,Medio,15.0,12.99,Bajo,3.0449999999999995,0,0,0.08748994368463395
14.8,89.3,Bajo,23.0,2.08,Bajo,3.317000000000001,0,0,0.09530513734053561
15.3,75.5,Alto,21.0,1.0,Bajo,5.145,0,0,0.14782783588093323
8.7,79.5,Bajo,40.0,9.51,Bajo,8.2,0,0,0.23560510286174005
8.4,71.1,Alto,14.0,1.0,Bajo,4.046000000000001,0,0,0.11625100563153665
17.3,74.7,Bajo,24.0,5.44,Bajo,6.071999999999999,0,0,0.17446270543615677
7.2,54.6,Medio,20.0,3.66,Alto,9.08,0,0,0.2608895529249512
8.2,47.4,Medio,24.0,22.5,Alto,12.624,1,1,0.3627169290886106
10.6,54.4,Alto,19.0,13.19,Alto,8.664,0,0,0.24893690380416048
13.9,78.6,Medio,24.0,19.03,Bajo,5.136000000000001,1,0,0.1475692449143777
7.0,100.0,Medio,19.0,18.25,Bajo,0.0,1,0,0.0
6.5,67.2,Alto,17.0,11.34,Alto,5.575999999999999,0,0,0.1602114699459832
12.0,71.4,Medio,4.0,5.22,Bajo,1.1439999999999997,0,0,0.03286978508217446
17.3,60.7,Alto,43.0,6.56,Bajo,16.898999999999997,0,0,0.48554763820250546
8.3,83.1,Bajo,16.0,13.4,Bajo,2.704000000000001,0,0,0.07769221928513968
9.5,82.8,Alto,39.0,3.29,Bajo,6.708000000000001,0,0,0.1927364670727503
7.3,50.7,Alto,17.0,3.87,Alto,8.380999999999998,0,0,0.24080565452246866
11.9,100.0,Bajo,9.0,3.13,Bajo,0.0,0,0,0.0
9.2,67.4,Medio,18.0,1.93,Alto,5.867999999999999,0,0,0.16860131019423055
17.4,85.1,Alto,41.0,1.65,Bajo,6.109000000000002,0,0,0.17552580163199638
12.8,62.0,Bajo,2.0,27.95,Bajo,0.76,1,0,0.021836570509136885
9.2,70.0,Alto,32.0,9.18,Bajo,9.6,0,0,0.27583036432593955
11.7,79.8,Medio,23.0,34.7,Bajo,8.080000000000002,1,0,0.23215722330766586
10.7,78.9,Alto,42.0,21.36,Bajo,8.861999999999998,1,0,0.25462590506838295
19.6,41.1,Alto,12.0,23.55,Bajo,7.068,1,0,0.203080105734973
12.5,81.5,Medio,9.0,8.24,Bajo,1.665,0,0,0.04783932881278015
8.3,69.3,Medio,18.0,3.96,Alto,5.526,0,0,0.15877485346511896
9.4,88.6,Medio,6.0,8.41,Bajo,0.6840000000000004,0,0,0.019652913458223207
10.6,98.7,Bajo,19.0,7.09,Bajo,0.24699999999999947,0,0,0.007096885415469472
13.1,64.3,Bajo,16.0,1.0,Bajo,5.712000000000001,0,0,0.16411906677393406
14.3,51.3,Bajo,33.0,1.0,Bajo,16.071,0,1,0.46175726927939326
15.9,54.9,Medio,12.0,2.35,Bajo,5.412000000000001,0,0,0.15549936788874846
14.5,59.3,Medio,12.0,11.65,Bajo,4.884,0,0,0.14032869785082178
9.1,81.6,Medio,20.0,1.2,Bajo,3.680000000000001,0,0,0.10573497299161021
7.1,69.7,Bajo,0.0,3.27,Alto,0.0,0,1,0.0
18.6,41.4,Bajo,4.0,8.79,Bajo,2.344,0,0,0.0673485806229169
14.8,88.3,Bajo,5.0,8.24,Bajo,0.5850000000000002,0,0,0.016808412826111948
5.5,100.0,Bajo,2.0,10.14,Bajo,0.0,0,0,0.0
10.0,63.0,Medio,23.0,8.69,Alto,8.51,0,0,0.24451212504309852
16.2,45.7,Bajo,44.0,10.97,Bajo,23.892,0,0,0.6864728192161821
5.6,83.5,Alto,23.0,31.56,Bajo,3.795,1,0,0.10903919089759799
12.2,47.9,Bajo,3.0,23.16,Bajo,1.5630000000000002,1,0,0.044908631191817046
18.9,74.1,Alto,31.0,3.4,Bajo,8.029000000000002,0,0,0.2306918744971843
15.5,83.5,Alto,28.0,11.48,Bajo,4.62,0,0,0.13274336283185842
11.7,77.9,Bajo,37.0,15.9,Bajo,8.176999999999998,1,0,0.23494425928054244
10.1,81.9,Medio,24.0,7.43,Bajo,4.3439999999999985,0,0,0.12481323985748762
12.2,57.0,Alto,28.0,28.02,Bajo,12.04,1,0,0.3459372485921159
14.0,90.0,Medio,46.0,8.81,Bajo,4.6,0,0,0.1321687162395127
18.4,82.6,Medio,6.0,5.69,Bajo,1.0440000000000003,0,0,0.029996552120445937
7.9,91.2,Alto,30.0,8.28,Bajo,2.639999999999999,0,0,0.07585335018963335
7.4,79.3,Medio,25.0,3.38,Bajo,5.175000000000001,0,0,0.14868980576945182
14.3,67.3,Medio,38.0,28.25,Bajo,12.426000000000002,1,0,0.3570279278243881
11.6,91.0,Alto,14.0,20.36,Bajo,1.26,1,0,0.03620273531777957
20.0,75.6,Bajo,31.0,6.42,Bajo,7.564000000000002,0,0,0.2173313412251466
9.0,66.6,Medio,38.0,3.94,Alto,12.692000000000002,0,0,0.364670727502586
7.1,52.1,Alto,19.0,11.11,Alto,9.101,0,0,0.2614929318469142
11.2,92.7,Alto,42.0,9.5,Bajo,3.065999999999999,0,0,0.08809332260659693
7.0,68.9,Bajo,23.0,6.38,Alto,7.152999999999999,0,1,0.20552235375244224
16.1,68.3,Alto,0.0,41.13,Bajo,0.0,1,0,0.0
10.3,64.6,Bajo,42.0,3.5,Alto,14.868000000000002,0,1,0.427192276749799
12.6,97.6,Medio,18.0,17.1,Bajo,0.43200000000000105,1,0,0.012412366394667312
13.6,78.3,Medio,23.0,11.25,Bajo,4.9910000000000005,0,0,0.1434030571198713
13.6,60.3,Medio,21.0,14.16,Bajo,8.337,0,0,0.23954143201930814
14.8,83.1,Medio,35.0,2.84,Bajo,5.915000000000003,0,0,0.16995172968624306
11.2,100.0,Bajo,16.0,1.0,Bajo,0.0,0,0,0.0
11.6,53.2,Alto,28.0,4.21,Bajo,13.104,0,0,0.3765084473049075
10.0,68.8,Alto,19.0,9.81,Alto,5.928000000000001,0,0,0.17032524997126772
7.6,69.0,Bajo,5.0,5.47,Alto,1.55,0,1,0.04453511090679233
12.7,83.3,Bajo,27.0,1.84,Bajo,4.509000000000001,0,0,0.1295540742443398
12.3,70.0,Medio,26.0,4.88,Bajo,7.8,0,0,0.22411217101482592
14.9,78.0,Bajo,0.0,10.84,Bajo,0.0,0,0,0.0
10.8,95.3,Medio,10.0,3.69,Bajo,0.4700000000000003,0,0,0.013504194920124134
7.7,69.0,Alto,9.0,3.05,Alto,2.79,0,0,0.08016319963222619
16.8,85.2,Alto,30.0,8.3,Bajo,4.439999999999999,0,0,0.127571543500747
12.7,76.0,Alto,27.0,10.82,Bajo,6.48,0,0,0.18618549592000924
11.3,84.1,Medio,11.0,1.76,Bajo,1.7490000000000006,0,0,0.05025284450063213
16.3,58.1,Alto,41.0,3.84,Bajo,17.179,0,0,0.4935926904953454
7.9,66.5,Bajo,44.0,2.67,Alto,14.74,0,0,0.4235145385587864
5.8,56.2,Medio,19.0,4.74,Alto,8.322,0,0,0.23911044707504886
8.8,74.7,Bajo,36.0,12.64,Bajo,9.107999999999999,0,0,0.26169405815423513
3.4,94.2,Alto,6.0,14.5,Bajo,0.3479999999999998,0,0,0.009998850706815304
19.2,40.5,Medio,0.0,9.83,Bajo,0.0,0,0,0.0
16.4,38.5,Bajo,21.0,10.21,Bajo,12.915,0,0,0.37107803700724057
16.9,62.4,Bajo,21.0,24.32,Bajo,7.896,1,0,0.2268704746580853
17.9,93.4,Alto,44.0,3.53,Bajo,2.9039999999999977,0,0,0.08343868520859665
11.3,91.7,Medio,5.0,8.7,Bajo,0.41499999999999987,0,0,0.011923916791173427
12.0,82.9,Bajo,22.0,2.97,Bajo,3.7619999999999987,0,0,0.10809102402022754
14.6,48.9,Bajo,2.0,15.12,Bajo,1.022,1,1,0.02936444086886565
19.6,82.5,Bajo,35.0,2.38,Bajo,6.125,0,0,0.1759855189058729
4.5,100.0,Bajo,23.0,6.49,Bajo,0.0,0,0,0.0
14.5,87.4,Medio,17.0,16.65,Bajo,2.141999999999999,1,0,0.06154465004022524
17.6,62.4,Bajo,26.0,3.09,Bajo,9.776,0,0,0.2808872543385818
10.5,71.7,Alto,25.0,8.17,Bajo,7.074999999999999,0,0,0.20328123204229398
0.0,57.5,Medio,47.0,28.68,Alto,19.975,1,1,0.5739282841052754
16.4,71.2,Bajo,46.0,25.0,Bajo,13.248,1,1,0.3806459027697966
10.4,100.0,Alto,39.0,3.64,Bajo,0.0,0,0,0.0
7.0,74.6,Bajo,40.0,16.11,Bajo,10.160000000000002,1,0,0.29192046891161944
14.6,76.9,Bajo,17.0,9.0,Bajo,3.926999999999999,0,0,0.11283185840707964
6.1,76.3,Bajo,32.0,26.35,Bajo,7.5840000000000005,1,0,0.2179059878174923
9.4,88.0,Alto,29.0,7.63,Bajo,3.48,0,0,0.0999885070681531
13.4,76.5,Alto,19.0,4.06,Bajo,4.465,0,0,0.12828985174117918
9.9,65.9,Bajo,39.0,2.49,Alto,13.299,0,1,0.38211125158027814
18.2,88.6,Bajo,28.0,6.03,Bajo,3.1920000000000015,0,0,0.09171359613837496
10.2,59.3,Bajo,31.0,32.16,Alto,12.617,1,1,0.3625158027812896
7.9,66.0,Alto,19.0,1.91,Alto,6.46,0,0,0.1856108493276635
17.1,67.6,Medio,39.0,17.96,Bajo,12.636000000000001,1,0,0.363061717044018
17.3,80.7,Medio,33.0,3.45,Bajo,6.368999999999999,0,0,0.1829962073324905
15.4,71.6,Bajo,17.0,8.98,Bajo,4.828,0,0,0.1387196873922538
9.1,66.3,Alto,43.0,4.77,Alto,14.491000000000001,0,0,0.4163601884840824
15.3,76.1,Medio,16.0,10.2,Bajo,3.8240000000000007,0,0,0.10987242845649929
12.5,77.6,Medio,21.0,1.0,Bajo,4.704000000000001,0,0,0.13515687851971042
8.9,100.0,Medio,27.0,32.17,Bajo,0.0,1,0,0.0
9.1,87.1,Bajo,36.0,19.65,Bajo,4.644000000000002,1,0,0.13343293874267334
8.1,89.2,Medio,33.0,7.46,Bajo,3.563999999999999,0,0,0.10240202275600505
14.5,48.8,Medio,18.0,2.6,Bajo,9.216000000000001,0,0,0.26479714975290203
14.7,78.7,Bajo,25.0,11.15,Bajo,5.324999999999999,0,0,0.1529996552120446
12.8,85.4,Medio,34.0,5.0,Bajo,4.963999999999998,0,0,0.14262728422020451
9.7,100.0,Alto,32.0,5.71,Bajo,0.0,0,0,0.0
8.9,90.2,Medio,43.0,2.42,Bajo,4.213999999999999,0,0,0.12107803700724053
14.4,100.0,Alto,22.0,1.0,Bajo,0.0,0,0,0.0
13.9,65.6,Medio,1.0,1.72,Bajo,0.3440000000000001,0,0,0.009883921388346172
9.7,52.1,Medio,38.0,4.62,Alto,18.202,0,1,0.5229858636938284
5.5,40.4,Medio,7.0,5.59,Alto,4.172,0,0,0.11987127916331457
11.5,72.7,Medio,35.0,5.43,Bajo,9.555,0,0,0.27453740949316174
9.7,61.2,Alto,23.0,6.59,Alto,8.924,0,0,0.2564073095046547
12.1,42.9,Alto,28.0,10.01,Bajo,15.988,0,0,0.45937248592115854
16.1,44.4,Medio,17.0,1.39,Bajo,9.452,0,0,0.27157797954258134
7.5,51.1,Medio,9.0,4.45,Alto,4.401,0,0,0.12645098264567292
6.8,66.0,Bajo,16.0,4.4,Alto,5.44,0,0,0.15630387311803243
16.2,57.8,Bajo,3.0,5.34,Bajo,1.266,0,0,0.03637512929548328
11.2,65.0,Bajo,22.0,8.9,Bajo,7.7,0,0,0.22123893805309738
8.9,95.9,Alto,34.0,7.36,Bajo,1.3939999999999981,0,0,0.04005286748649576
11.9,52.9,Medio,45.0,2.71,Bajo,21.195,0,0,0.6089817262383634
17.4,58.8,Medio,46.0,2.91,Bajo,18.952,0,0,0.5445351109067924
17.9,100.0,Bajo,9.0,1.18,Bajo,0.0,0,0,0.0
15.7,93.8,Bajo,33.0,6.84,Bajo,2.0460000000000007,0,0,0.058786346396965894
7.1,75.8,Bajo,9.0,8.75,Bajo,2.178,0,0,0.06257901390644754
10.4,81.6,Medio,46.0,16.24,Bajo,8.464000000000004,1,0,0.24319043788070352
14.9,81.4,Medio,19.0,4.67,Bajo,3.5339999999999985,0,0,0.10154005286748646
10.3,81.9,Bajo,27.0,18.17,Bajo,4.886999999999998,1,0,0.14041489483967357
17.3,69.5,Medio,15.0,12.35,Bajo,4.575,0,0,0.1314504079990806
11.0,88.3,Alto,42.0,23.99,Bajo,4.914000000000001,1,0,0.14119066773934033
13.1,70.5,Bajo,12.0,5.59,Bajo,3.54,0,0,0.10171244684519022
16.1,49.7,Alto,10.0,14.91,Bajo,5.03,0,0,0.14452361797494542
14.1,68.7,Alto,25.0,1.0,Bajo,7.824999999999999,0,0,0.22483047925525804
12.1,77.2,Bajo,28.0,35.57,Bajo,6.383999999999999,1,0,0.18342719227674978
11.4,87.2,Alto,0.0,13.21,Bajo,0.0,0,0,0.0
15.7,82.7,Medio,31.0,1.0,Bajo,5.3629999999999995,0,0,0.15409148373750145
11.3,68.1,Medio,28.0,1.07,Bajo,8.932000000000002,0,0,0.256637168141593
8.4,100.0,Bajo,17.0,6.51,Bajo,0.0,0,0,0.0
19.2,87.3,Medio,0.0,12.4,Bajo,0.0,0,0,0.0
8.8,62.2,Alto,28.0,19.63,Alto,10.583999999999998,1,1,0.3041029766693483
15.9,48.2,Alto,41.0,14.81,Bajo,21.237999999999996,0,0,0.6102172164119066
16.3,79.4,Bajo,36.0,9.58,Bajo,7.415999999999998,0,0,0.21307895644178826
12.5,71.3,Bajo,29.0,1.84,Bajo,8.323,0,0,0.23913917940466617
8.6,50.4,Medio,24.0,5.12,Alto,11.904000000000002,0,0,0.3420296517641651
7.2,68.9,Medio,11.0,5.3,Alto,3.420999999999999,0,0,0.09829329962073323
9.4,72.7,Bajo,19.0,1.0,Bajo,5.186999999999999,0,0,0.14903459372485922
15.1,82.2,Bajo,11.0,2.99,Bajo,1.9579999999999995,0,0,0.056257901390644745
13.6,58.0,Bajo,3.0,5.13,Bajo,1.26,0,0,0.03620273531777957
13.9,100.0,Medio,17.0,10.68,Bajo,0.0,0,0,0.0
9.0,82.0,Alto,17.0,6.82,Bajo,3.06,0,0,0.08792092862889324
10.3,88.6,Alto,30.0,12.57,Bajo,3.4200000000000017,0,0,0.09826456729111603
9.0,92.3,Medio,1.0,30.73,Bajo,0.07700000000000003,1,0,0.0022123893805309743
13.5,70.0,Medio,1.0,8.68,Bajo,0.3,0,0,0.00861969888518561
11.2,100.0,Bajo,17.0,3.57,Bajo,0.0,0,0,0.0
13.8,69.8,Medio,10.0,2.91,Bajo,3.02,0,0,0.08677163544420183
12.6,42.6,Bajo,25.0,7.14,Bajo,14.35,0,0,0.4123089300080451
8.0,84.2,Medio,29.0,4.52,Bajo,4.581999999999999,0,0,0.13165153430640156
13.8,68.8,Medio,33.0,3.48,Bajo,10.296000000000001,0,0,0.2958280657395702
10.2,56.7,Bajo,23.0,6.2,Alto,9.959,0,1,0.286145270658545
17.7,78.7,Bajo,28.0,18.9,Bajo,5.963999999999999,1,0,0.17135961383748993
14.9,83.2,Bajo,23.0,3.15,Bajo,4.871999999999999,0,0,0.13998390989541432
16.1,80.7,Bajo,45.0,5.41,Bajo,8.684999999999999,0,0,0.24954028272612344
4.5,60.9,Bajo,22.0,5.4,Alto,8.602,0,1,0.24715549936788878
18.6,88.0,Medio,38.0,8.21,Bajo,4.56,0,0,0.13101942305482128
3.3,96.6,Bajo,25.0,14.03,Bajo,0.8500000000000014,0,0,0.024422480174692607
10.6,91.3,Medio,2.0,2.08,Bajo,0.17400000000000004,0,0,0.0049994253534076565
9.3,54.7,Medio,31.0,1.0,Alto,14.043,0,0,0.4034881048155385
9.2,95.4,Bajo,23.0,4.5,Bajo,1.7479999999999978,0,0,0.050224112171014766
15.9,79.3,Alto,0.0,7.71,Bajo,0.0,0,0,0.0
8.2,73.7,Medio,39.0,11.61,Bajo,10.256999999999998,0,0,0.294707504884496
9.8,86.9,Alto,15.0,36.89,Bajo,1.9649999999999992,1,0,0.056459027697965736
10.9,87.0,Bajo,15.0,1.0,Bajo,1.95,0,0,0.05602804275370648
7.8,92.6,Alto,23.0,1.92,Bajo,0.44400000000000034,0,0,0.012757154350074715
14.5,84.3,Bajo,24.0,12.36,Bajo,3.7680000000000007,0,0,0.10826341799793131
12.0,58.6,Medio,23.0,14.06,Bajo,17.387999999999998,0,0,0.499597747385358
14.8,77.1,Medio,25.0,33.13,Bajo,5.725000000000001,1,0,0.1644925870589588
2.5,67.0,Medio,44.0,1.83,Alto,14.52,0,0,0.4171934260429836
7.4,65.6,Alto,14.0,4.83,Alto,4.816000000000001,0,0,0.1383748994368464
11.3,95.6,Bajo,42.0,4.57,Bajo,1.8480000000000023,0,0,0.05309734513274344
17.5,60.8,Bajo,32.0,36.88,Bajo,12.544,1,0,0.36041834271922774
10.9,81.5,Medio,5.0,1.0,Bajo,0.925,0,0,0.026577404895988973
11.1,96.6,Medio,35.0,1.0,Bajo,1.190000000000002,0,0,0.03419147224456965
14.7,78.7,Medio,44.0,25.6,Bajo,9.371999999999998,1,0,0.2692793931731985
11.1,66.8,Bajo,23.0,3.77,Bajo,0.332,0,0,0.009539133432938744
9.1,76.6,Medio,23.0,6.46,Bajo,10.062000000000003,0,0,0.2891047006091255
7.9,76.3,Bajo,32.0,11.46,Bajo,7.5840000000000005,0,0,0.2179059878174923
12.5,66.4,Bajo,29.0,2.65,Bajo,9.743999999999998,0,0,0.27996781979082863
13.4,76.3,Bajo,23.0,4.62,Bajo,4.029,0,0,0.11576255602804277
7.2,75.7,Medio,37.0,14.32,Bajo,8.991,0,0,0.2583323755890128
18.0,65.6,Medio,44.0,15.52,Bajo,15.136000000000003,1,1,0.43489254108723147
16.3,61.2,Bajo,9.0,4.92,Bajo,3.492,0,0,0.10033329502356052
14.6,72.5,Alto,4.0,8.96,Bajo,1.1,0,0,0.03160556257901391
11.2,89.6,Bajo,17.0,1.0,Bajo,1.768000000000001,0,0,0.05079875876336057
11.2,54.5,Alto,43.0,2.19,Bajo,19.565,0,0,0.5621480289621884
11.1,82.4,Medio,35.0,11.36,Bajo,6.1599999999999975,0,0,0.17699115044247782
10.0,61.9,Medio,7.0,24.87,Alto,2.667,1,1,0.07662912308930009
8.4,88.3,Medio,42.0,5.65,Bajo,4.914000000000001,0,0,0.14119066773934033
15.0,81.3,Medio,26.0,4.15,Bajo,4.862,0,0,0.13969658659924147
17.8,82.1,Medio,6.0,9.47,Bajo,1.0740000000000003,0,0,0.0308585220089645
15.3,76.9,Medio,5.0,11.24,Bajo,1.1549999999999998,0,0,0.0331858407079646
11.6,58.8,Medio,19.0,41.08,Bajo,7.828,1,0,0.2249166762441099
11.4,51.7,Alto,21.0,1.0,Bajo,10.142999999999999,0,0,0.2914320193081255
12.6,53.0,Medio,24.0,1.05,Bajo,11.28,0,0,0.324100678082979
9.2,100.0,Bajo,19.0,3.91,Bajo,0.0,0,0,0.0
5.9,86.9,Bajo,37.0,20.11,Bajo,4.846999999999998,1,0,0.13926560165498214
11.2,59.5,Medio,5.0,1.0,Bajo,2.025,0,0,0.05818296747500288
15.4,67.0,Bajo,28.0,7.57,Bajo,9.24,0,0,0.26548672566371684
13.7,51.4,Medio,8.0,4.51,Bajo,3.888,0,0,0.11171129755200553
8.9,87.8,Alto,31.0,17.2,Bajo,3.782000000000001,1,0,0.1086656706125733
7.1,61.8,Medio,21.0,7.63,Alto,8.022,0,0,0.23049074818986326
16.6,64.7,Medio,24.0,20.27,Bajo,8.472,1,0,0.24342029651764166
8.3,75.3,Bajo,2.0,1.43,Bajo,0.49400000000000005,0,0,0.014193770830938975
12.9,83.7,Medio,8.0,1.0,Bajo,1.3039999999999998,0,0,0.037466957820940124
10.4,77.2,Bajo,38.0,22.59,Bajo,8.663999999999998,1,0,0.24893690380416042
16.3,65.1,Bajo,5.0,1.69,Bajo,1.7450000000000003,0,0,0.050137915182162984
13.2,74.7,Bajo,16.0,1.77,Bajo,4.047999999999999,0,0,0.11630847029077117
7.3,70.3,Medio,30.0,8.06,Bajo,8.910000000000002,0,0,0.25600505689001274
11.8,78.2,Bajo,46.0,4.69,Bajo,10.027999999999999,0,0,0.2881278014021377
18.8,93.6,Medio,25.0,15.99,Bajo,1.6000000000000014,1,0,0.04597172738765664
12.5,75.8,Bajo,19.0,1.96,Bajo,4.598000000000001,0,0,0.13211125158027817
9.0,73.0,Bajo,16.0,6.72,Bajo,4.32,0,0,0.12412366394667282
8.3,98.1,Bajo,4.0,1.0,Bajo,0.07600000000000023,0,0,0.002183657050913695
12.1,81.4,Medio,46.0,14.46,Bajo,8.555999999999997,0,0,0.24583381220549358
16.1,100.0,Medio,5.0,4.62,Bajo,0.0,0,0,0.0
14.9,97.8,Medio,7.0,2.6,Bajo,0.1540000000000002,0,0,0.004424778761061953
10.8,100.0,Alto,29.0,3.43,Bajo,0.0,0,0,0.0
13.1,95.4,Medio,3.0,3.06,Bajo,0.13799999999999982,0,0,0.003965061487185376
18.1,58.9,Alto,12.0,9.27,Bajo,4.932,0,0,0.14170784967245148
14.2,91.0,Medio,23.0,15.86,Bajo,2.07,1,0,0.05947592230778072
12.7,64.0,Bajo,23.0,10.98,Bajo,3.6,0,0,0.10343638662222734
15.0,80.8,Alto,41.0,1.37,Bajo,7.872000000000002,0,0,0.22618089874727051
9.2,84.9,Bajo,5.0,2.94,Bajo,0.7549999999999997,0,0,0.021692908861050447
17.0,60.2,Medio,3.0,5.68,Bajo,1.194,0,0,0.034306401563038734
8.1,58.2,Bajo,10.0,6.41,Alto,4.18,0,1,0.12010113780025285
15.4,79.7,Medio,23.0,14.12,Bajo,4.669,0,0,0.1341512469831054
14.6,67.9,Medio,42.0,14.73,Bajo,13.481999999999998,0,0,0.38736926790024134
13.4,81.9,Bajo,18.0,21.84,Bajo,3.257999999999999,1,0,0.09360992989311571
16.1,77.5,Bajo,22.0,13.3,Bajo,4.95,0,0,0.1422250316055626
9.1,73.5,Medio,8.0,19.66,Bajo,2.12,1,0,0.06091253878864499
14.0,81.8,Bajo,35.0,23.06,Bajo,6.370000000000001,1,0,0.18302493966210787
12.5,77.5,Medio,28.0,16.62,Bajo,6.3,1,0,0.18101367658889783
12.2,87.1,Bajo,24.0,1.98,Bajo,3.0960000000000014,0,0,0.08895529249511555
11.0,87.6,Medio,47.0,15.7,Bajo,5.828000000000003,1,0,0.16745201700953924
9.5,73.4,Medio,6.0,3.64,Bajo,1.5959999999999996,0,0,0.045856798069187445
12.0,69.7,Alto,0.0,7.14,Bajo,0.0,0,0,0.0
11.1,96.8,Alto,39.0,1.88,Bajo,1.248000000000001,0,0,0.035857947362372175
11.0,80.8,Medio,16.0,8.95,Bajo,3.0720000000000005,0,0,0.08826571658430069
13.7,66.7,Bajo,3.0,35.65,Bajo,0.9989999999999999,1,0,0.028703597287668085
15.8,45.9,Medio,36.0,4.93,Bajo,19.476000000000003,0,0,0.55959085162625
11.6,84.5,Bajo,23.0,6.55,Bajo,6.355,0,0,0.18259395471784856
12.6,58.4,Medio,47.0,1.08,Bajo,19.552,0,0,0.5617745086771636
12.8,71.7,Medio,45.0,10.19,Bajo,12.734999999999998,0,0,0.36590621767612913
15.2,81.0,Bajo,33.0,6.51,Bajo,6.27,0,0,0.18015170670037928
9.3,73.1,Bajo,4.0,18.65,Bajo,1.0760000000000003,1,1,0.03091598666819907
18.1,74.4,Bajo,6.0,5.37,Bajo,1.5359999999999996,0,0,0.04413285829215032
10.3,66.9,Medio,18.0,2.97,Alto,5.957999999999999,0,0,0.17118721985978624
6.0,85.5,Bajo,16.0,1.0,Bajo,2.32,0,0,0.06665900471210207
14.8,83.5,Alto,13.0,3.27,Bajo,2.145,0,0,0.061630847029077125
15.3,100.0,Medio,14.0,35.28,Bajo,0.0,1,0,0.0
12.7,100.0,Alto,1.0,10.76,Bajo,0.0,0,0,0.0
10.8,86.8,Alto,29.0,5.97,Bajo,3.8280000000000007,0,0,0.10998735777496843
9.3,62.4,Bajo,8.0,6.24,Alto,3.008,0,1,0.08642684748879441
8.8,75.7,Bajo,36.0,14.04,Bajo,8.748,0,0,0.2513504194920124
16.1,49.0,Alto,0.0,35.64,Bajo,0.0,1,0,0.0
13.9,91.8,Bajo,41.0,11.18,Bajo,3.362000000000001,0,0,0.09659809217331346
7.2,74.5,Bajo,7.0,15.22,Bajo,1.785,1,0,0.05128720836685439
16.8,86.7,Bajo,16.0,8.8,Bajo,2.1279999999999997,0,0,0.061142397425583264
12.1,73.5,Medio,6.0,28.32,Bajo,1.59,1,0,0.04568440409148374
11.7,88.9,Medio,0.0,3.6,Bajo,0.0,0,0,0.0
12.4,68.0,Bajo,47.0,5.45,Bajo,15.04,0,1,0.432134237443972
14.4,84.5,Alto,6.0,1.0,Bajo,0.93,0,0,0.026721066544075397
12.2,43.1,Bajo,21.0,3.25,Bajo,11.948999999999998,0,0,0.34332260659694286
14.7,80.0,Bajo,19.0,9.13,Bajo,3.8,0,0,0.10918285254568441
10.1,80.9,Bajo,35.0,17.88,Bajo,6.684999999999998,1,0,0.19207562349155266
14.9,50.2,Medio,43.0,1.0,Bajo,21.414,0,0,0.615274106424549
8.8,64.1,Medio,29.0,34.44,Alto,10.411000000000001,1,1,0.29913228364555805
10.9,56.4,Bajo,18.0,8.11,Alto,7.848000000000001,0,1,0.22549132283645562
7.8,64.4,Medio,19.0,8.52,Alto,6.7639999999999985,0,0,0.19434547753131823
12.4,68.5,Bajo,9.0,34.26,Bajo,2.835,1,1,0.08145615446500404
13.5,91.2,Medio,33.0,6.49,Bajo,2.903999999999999,0,0,0.0834386852085967
10.9,65.6,Bajo,45.0,26.59,Alto,15.480000000000002,1,1,0.4447764624755776
11.8,57.8,Medio,13.0,14.23,Bajo,5.486000000000001,0,0,0.15762556028042757
13.2,67.1,Bajo,26.0,12.73,Bajo,8.554,0,0,0.2457763475462591
11.2,78.3,Medio,20.0,22.85,Bajo,4.340000000000001,1,0,0.12469831053901854
10.7,53.3,Bajo,19.0,4.14,Alto,8.873000000000001,0,0,0.25494196069417313
13.5,86.6,Medio,39.0,30.72,Bajo,5.226000000000003,1,0,0.15015515457993345
13.2,76.1,Medio,18.0,2.1,Bajo,4.302000000000001,0,0,0.12360648201356171
11.1,93.3,Alto,41.0,37.0,Bajo,2.747000000000001,1,0,0.07892770945868295
15.2,58.8,Medio,38.0,6.45,Bajo,15.656,0,0,0.4498333524882198
9.8,81.9,Alto,22.0,10.95,Bajo,3.981999999999999,0,0,0.11441213653603033
13.9,84.4,Medio,15.0,21.11,Bajo,2.339999999999999,1,0,0.06723365130444775
15.0,100.0,Medio,10.0,50.0,Bajo,0.0,1,0,0.0
9.2,53.4,Medio,42.0,2.51,Alto,19.572,0,0,0.5623491552695093
11.5,87.5,Medio,6.0,19.83,Bajo,0.75,1,0,0.02154924721296403
15.9,86.7,Alto,13.0,50.0,Bajo,1.7289999999999999,1,0,0.049678197908286405
16.3,100.0,Medio,2.0,1.96,Bajo,0.0,0,0,0.0
19.2,37.0,Medio,40.0,4.41,Bajo,25.2,0,0,0.7240547063555913
10.4,76.6,Medio,9.0,13.94,Bajo,2.1060000000000003,0,0,0.060510286174003
14.5,79.0,Medio,37.0,1.0,Bajo,7.77,0,0,0.22325020112630733
6.9,91.4,Medio,30.0,26.25,Bajo,2.5799999999999983,1,0,0.07412941041259621
9.1,81.2,Medio,47.0,12.74,Bajo,8.835999999999999,0,0,0.2538788644983335
15.4,78.9,Bajo,9.0,3.22,Bajo,1.8989999999999996,0,0,0.05456269394322491
14.5,59.5,Alto,11.0,4.08,Bajo,4.455,0,0,0.12800252844500634
11.6,66.3,Bajo,8.0,31.56,Bajo,2.696,1,0,0.07746236064820138
17.9,43.6,Medio,26.0,34.93,Bajo,14.663999999999998,1,0,0.4213308815078726
12.7,92.3,Medio,12.0,33.72,Bajo,0.9240000000000004,1,0,0.026548672566371695
13.4,88.3,Bajo,7.0,3.19,Bajo,0.8190000000000002,0,0,0.023531777956556726
14.1,87.5,Alto,30.0,8.93,Bajo,3.75,0,0,0.10774623606482014
13.0,75.3,Bajo,25.0,3.99,Bajo,6.175000000000001,0,0,0.1774221353867372
11.5,78.2,Bajo,18.0,9.81,Bajo,3.924,0,0,0.1127456614182278
18.2,59.3,Alto,23.0,4.14,Bajo,9.361,0,0,0.2689633375474084
14.8,70.3,Alto,0.0,1.0,Bajo,0.0,0,0,0.0
11.6,68.2,Medio,12.0,7.42,Bajo,3.816,0,0,0.10964256981956098
15.4,58.8,Bajo,36.0,5.53,Bajo,14.832,0,0,0.4261579128835767
10.1,96.4,Medio,12.0,3.15,Bajo,0.43199999999999933,0,0,0.012412366394667262
13.2,100.0,Alto,14.0,9.56,Bajo,0.0,0,0,0.0
14.8,70.7,Medio,7.0,2.62,Bajo,2.0509999999999997,0,0,0.058930008045052294
11.3,82.1,Medio,13.0,1.78,Bajo,2.327000000000001,0,0,0.06686013101942309
6.3,81.7,Bajo,13.0,7.49,Bajo,2.3789999999999996,0,0,0.0683542121595219
9.4,71.1,Bajo,38.0,6.48,Bajo,10.982000000000003,0,0,0.31553844385702806
11.4,72.5,Alto,31.0,6.23,Bajo,8.525,0,0,0.24494310998735783
13.6,74.5,Alto,3.0,18.85,Bajo,0.765,1,0,0.02198023215722331
13.3,75.6,Medio,22.0,1.49,Bajo,5.368000000000002,0,0,0.15423514538558794
11.9,88.9,Bajo,43.0,3.29,Bajo,4.772999999999997,0,0,0.137139409263303
15.5,79.0,Bajo,47.0,5.55,Bajo,9.87,0,0,0.2835880933226066
18.6,48.5,Medio,9.0,13.41,Bajo,4.635,0,0,0.1331743477761177
13.7,79.9,Alto,1.0,27.66,Bajo,0.20099999999999996,1,0,0.005775198253074359
11.1,52.4,Medio,3.0,16.84,Bajo,1.4280000000000002,1,0,0.041029766693483516
19.1,55.8,Bajo,15.0,1.0,Bajo,6.63,0,0,0.19049534536260201
8.5,82.1,Medio,6.0,11.1,Bajo,1.0740000000000003,0,0,0.0308585220089645
18.9,62.8,Alto,14.0,18.86,Bajo,5.208000000000001,1,0,0.14963797264682224
15.0,97.1,Bajo,11.0,6.84,Bajo,0.3190000000000006,0,0,0.009165613147914052
10.6,70.3,Medio,36.0,3.16,Bajo,10.692,0,0,0.3072060682680152
14.8,72.9,Bajo,1.0,2.57,Bajo,0.27099999999999996,0,0,0.007786461326284335
17.8,78.4,Alto,35.0,1.0,Bajo,7.559999999999998,0,0,0.21721641190667737
14.9,87.4,Medio,27.0,20.25,Bajo,3.4019999999999984,1,0,0.0977473853580048
10.7,56.1,Medio,32.0,1.0,Alto,14.048,0,0,0.4036317664636249
7.9,94.9,Medio,19.0,19.82,Bajo,0.968999999999999,1,0,0.027841627399149495
14.1,69.3,Alto,1.0,14.29,Bajo,0.30700000000000005,0,0,0.00882082519250661
14.2,97.1,Alto,37.0,2.25,Bajo,1.0730000000000022,0,0,0.03082978967934727
13.1,72.2,Bajo,37.0,9.37,Bajo,10.286,0,0,0.29554074244339734
19.6,82.5,Bajo,9.0,8.31,Bajo,1.575,0,0,0.04525341914722446
12.1,68.4,Alto,12.0,1.0,Bajo,3.7919999999999994,0,0,0.10895299390874612
18.9,65.5,Medio,43.0,36.28,Bajo,14.835,1,0,0.42624410987242856
11.8,91.4,Alto,18.0,6.67,Bajo,1.547999999999999,0,0,0.04447764624755773
8.5,53.5,Medio,44.0,1.0,Alto,20.46,0,1,0.5878634639696587
15.4,87.9,Medio,10.0,13.89,Bajo,1.2099999999999995,0,0,0.034766118836915286
10.9,89.3,Alto,45.0,10.11,Bajo,4.815000000000001,0,0,0.1383461671072291
9.9,65.1,Bajo,41.0,21.04,Alto,14.309000000000003,1,1,0.41113090449373646
8.0,81.4,Bajo,12.0,22.12,Bajo,2.2319999999999993,1,0,0.06413055970578094
9.3,66.0,Alto,35.0,1.78,Alto,11.9,0,0,0.34191472244569593
11.8,63.9,Medio,38.0,4.6,Bajo,13.718,0,0,0.39415009768992076
12.5,85.1,Bajo,11.0,8.81,Bajo,1.6390000000000007,0,0,0.04709228824273075
14.2,62.1,Bajo,36.0,1.0,Bajo,13.643999999999998,0,0,0.3920239052982416
13.3,67.5,Medio,28.0,24.19,Bajo,9.1,1,0,0.2614641995172969
10.3,100.0,Bajo,23.0,6.47,Bajo,0.0,0,0,0.0
7.0,82.2,Bajo,2.0,8.2,Bajo,0.3559999999999999,0,0,0.01022870934375359
6.4,67.5,Medio,43.0,13.84,Alto,13.975,0,0,0.40153430640156307
15.1,82.1,Medio,18.0,2.9,Bajo,3.222000000000001,0,0,0.0925755660268935
14.6,83.8,Medio,43.0,6.96,Bajo,6.966000000000001,0,0,0.20014940811400994
10.5,71.8,Bajo,4.0,4.55,Bajo,1.1280000000000001,0,0,0.0324100678082979
13.2,90.2,Alto,15.0,20.2,Bajo,1.4699999999999995,1,0,0.04223652453740948
15.9,81.2,Bajo,34.0,9.43,Bajo,6.3919999999999995,0,0,0.18365705091368809
8.3,58.9,Bajo,19.0,1.0,Alto,7.809,0,0,0.22437076198138148
17.4,85.0,Bajo,29.0,3.86,Bajo,4.35,0,0,0.12498563383519136
9.0,92.1,Alto,19.0,22.81,Bajo,1.501000000000001,1,0,0.043127226755545374
8.9,76.5,Bajo,38.0,24.14,Bajo,8.93,1,0,0.25657970348235837
11.4,89.2,Alto,19.0,1.0,Bajo,2.051999999999999,0,0,0.05895874037466956
8.9,57.6,Alto,13.0,23.1,Alto,5.512,1,1,0.15837260085047697
12.8,56.5,Medio,20.0,1.92,Bajo,8.7,0,0,0.24997126767038272
6.5,100.0,Medio,47.0,1.85,Bajo,0.0,0,0,0.0
15.7,59.8,Bajo,36.0,1.0,Bajo,14.472000000000001,0,0,0.415814274221354
7.9,49.7,Bajo,30.0,20.67,Alto,15.09,1,1,0.4335708539248363
10.1,65.9,Bajo,46.0,7.04,Alto,15.685999999999996,0,1,0.45069532237673826
7.6,70.8,Medio,23.0,1.24,Bajo,6.716,0,0,0.19296632570968858
17.7,82.1,Medio,13.0,7.26,Bajo,2.327000000000001,0,0,0.06686013101942309
10.9,81.4,Medio,21.0,2.46,Bajo,3.9059999999999993,0,0,0.11222847948511665
16.8,94.4,Bajo,31.0,10.3,Bajo,1.7359999999999982,0,0,0.049879324215607354
15.7,82.1,Bajo,46.0,1.0,Bajo,8.234000000000004,0,0,0.23658200206872787
14.2,69.4,Bajo,12.0,13.09,Bajo,3.6719999999999993,0,0,0.10550511435467187
7.1,71.8,Medio,22.0,15.22,Bajo,6.204000000000001,1,0,0.17825537294563848
13.4,43.2,Medio,45.0,2.51,Bajo,25.56,0,0,0.7343983450178141
7.0,58.6,Alto,15.0,5.11,Alto,6.21,0,0,0.17842776692334217
12.7,52.9,Medio,24.0,8.07,Bajo,11.304,0,0,0.32479025399379385
9.6,92.3,Bajo,5.0,1.0,Bajo,0.3850000000000001,0,0,0.011061946902654872
12.7,59.6,Bajo,31.0,2.87,Bajo,12.524,0,0,0.359843696126882
14.0,57.7,Bajo,21.0,17.7,Bajo,8.883,1,0,0.25522928399034595
10.1,62.7,Alto,29.0,9.21,Alto,10.816999999999998,0,0,0.3107976094701758
18.4,73.2,Medio,23.0,2.53,Bajo,1.6079999999999999,0,0,0.04620158602459488
15.9,80.8,Alto,0.0,1.0,Bajo,0.0,0,0,0.0
12.8,67.8,Bajo,14.0,24.56,Bajo,4.508000000000001,1,0,0.12952534191472248
15.9,68.3,Bajo,13.0,13.96,Bajo,4.121,0,0,0.11840593035283303
10.3,82.7,Bajo,22.0,6.55,Bajo,3.805999999999999,0,0,0.1093552465233881
10.3,52.6,Bajo,6.0,9.45,Alto,2.844,0,1,0.0817147454315596
14.4,78.9,Bajo,4.0,2.88,Bajo,0.8439999999999998,0,0,0.024250086196988846
6.4,77.2,Medio,9.0,5.58,Bajo,2.052,0,0,0.05895874037466959
10.9,88.0,Bajo,45.0,38.16,Bajo,5.4,1,0,0.15515457993334103
13.3,67.1,Alto,8.0,15.03,Bajo,2.6320000000000006,1,0,0.07562349155269511
12.7,75.4,Alto,45.0,3.43,Bajo,11.069999999999999,0,0,0.31806688886334905
12.9,79.0,Bajo,6.0,3.82,Bajo,1.26,0,0,0.03620273531777957
9.2,56.7,Alto,33.0,16.46,Alto,14.288999999999998,1,0,0.4105562579013906
10.2,70.6,Medio,25.0,8.39,Bajo,7.350000000000001,0,0,0.21118262268704754
17.3,82.3,Medio,26.0,4.2,Bajo,4.602,0,0,0.1322261808987473
16.1,52.8,Alto,35.0,18.1,Bajo,16.52,1,0,0.4746580852775544
8.1,79.7,Alto,40.0,2.5,Bajo,8.12,0,0,0.2333065164923572
11.8,73.9,Medio,41.0,15.35,Bajo,10.700999999999997,1,0,0.30746465923457067
10.9,64.3,Medio,18.0,3.94,Alto,6.426,0,0,0.18463395012067582
14.2,57.6,Medio,8.0,1.0,Bajo,3.392,0,0,0.09746006206183198
12.4,58.2,Bajo,47.0,12.75,Bajo,19.646,0,0,0.5644753476611885
6.7,81.1,Medio,1.0,3.2,Bajo,0.18900000000000006,0,0,0.005430410297666937
12.6,84.2,Bajo,31.0,1.0,Bajo,4.897999999999999,0,0,0.14073095046546372
12.1,76.3,Bajo,42.0,5.89,Bajo,9.954,0,0,0.2860016090104586
16.5,72.7,Bajo,22.0,4.91,Bajo,6.005999999999999,0,0,0.17256637168141592
12.8,90.2,Bajo,24.0,1.89,Bajo,2.3519999999999994,0,0,0.06757843925985518
9.4,84.6,Medio,4.0,11.26,Bajo,0.6160000000000002,0,0,0.017699115044247794
9.6,69.8,Bajo,33.0,39.35,Alto,9.966000000000001,1,1,0.28634639696586606
10.6,100.0,Alto,25.0,20.36,Bajo,0.0,1,0,0.0
10.8,40.6,Medio,7.0,1.0,Alto,4.158,0,0,0.11946902654867259
9.7,87.9,Bajo,4.0,4.78,Bajo,0.48399999999999976,0,0,0.013906447534766114
13.5,88.1,Medio,41.0,7.42,Bajo,4.879000000000002,0,0,0.1401850362027354
6.2,59.4,Alto,45.0,3.13,Alto,18.27,0,1,0.5249396621078037
14.9,71.5,Alto,9.0,25.47,Bajo,2.565,1,0,0.07369842546833698
9.4,74.2,Medio,37.0,4.13,Bajo,9.546,0,0,0.2742788185266061
17.2,74.4,Alto,3.0,1.58,Bajo,0.7679999999999998,0,0,0.02206642914607516
13.2,100.0,Alto,17.0,3.66,Bajo,0.0,0,0,0.0
11.7,75.4,Medio,6.0,21.73,Bajo,1.4759999999999998,1,0,0.042408918515113206
17.8,54.1,Medio,5.0,9.2,Bajo,2.295,0,0,0.06594069647166993
9.1,75.9,Bajo,19.0,7.23,Bajo,4.578999999999999,0,0,0.13156533731754969
17.0,45.9,Alto,21.0,7.18,Bajo,11.361,0,0,0.32642799678197915
14.5,100.0,Bajo,4.0,21.4,Bajo,0.0,1,0,0.0
7.3,59.0,Alto,18.0,12.41,Alto,7.38,0,0,0.21204459257556604
12.1,91.1,Medio,16.0,7.42,Bajo,1.4240000000000008,0,0,0.0409148373750144
17.3,72.1,Medio,28.0,29.7,Bajo,7.812000000000001,1,0,0.22445695897023338
11.0,94.4,Bajo,46.0,13.31,Bajo,2.5759999999999974,0,0,0.07401448109412705
8.1,54.3,Medio,18.0,2.11,Alto,8.226,0,0,0.2363521434317895
15.8,55.1,Alto,13.0,14.28,Bajo,5.837,0,0,0.16771060797609472
13.9,59.1,Bajo,13.0,1.42,Bajo,5.316999999999999,0,0,0.1527697965751063
9.3,71.7,Medio,44.0,10.67,Bajo,12.451999999999998,0,0,0.3577749683944374
20.0,93.3,Bajo,0.0,6.09,Bajo,0.0,0,0,0.0
7.5,54.4,Medio,28.0,8.21,Alto,12.767999999999999,0,0,0.3668543845534996
10.8,76.6,Medio,0.0,13.23,Bajo,0.0,0,0,0.0
17.8,56.2,Medio,41.0,32.14,Bajo,17.958,1,0,0.5159751752672107
11.9,80.0,Bajo,43.0,6.16,Bajo,8.6,0,0,0.24709803470865419
15.2,97.2,Alto,10.0,1.38,Bajo,0.2799999999999997,0,0,0.008045052292839895
8.7,69.4,Medio,45.0,4.28,Alto,13.769999999999998,0,0,0.3956441788300195
15.8,80.6,Medio,22.0,19.21,Bajo,4.268000000000002,1,0,0.12262958280657402
9.4,46.7,Bajo,41.0,4.31,Alto,21.852999999999998,0,1,0.6278875991265372
14.1,69.2,Alto,26.0,5.64,Bajo,8.008,0,0,0.23008849557522124
16.6,100.0,Alto,14.0,14.0,Bajo,0.0,0,0,0.0
8.7,100.0,Alto,11.0,7.59,Bajo,0.0,0,0,0.0
12.8,79.6,Bajo,9.0,7.67,Bajo,1.8360000000000005,0,0,0.05275255717733596
17.2,51.6,Medio,23.0,2.89,Bajo,11.132,0,0,0.3198482932996208
11.1,78.9,Medio,46.0,11.0,Bajo,9.705999999999996,0,0,0.2788759912653717
10.1,39.4,Bajo,2.0,15.93,Alto,1.212,1,1,0.03482358349614987
14.1,73.5,Alto,39.0,12.22,Bajo,10.335,0,0,0.2969486265946443
13.8,79.9,Medio,4.0,26.91,Bajo,0.8039999999999998,1,0,0.023100793012297435
14.5,90.9,Bajo,27.0,1.37,Bajo,2.4569999999999985,0,0,0.07059533386967012
10.7,61.1,Medio,30.0,2.03,Alto,11.67,0,0,0.3353062866337203
8.3,67.8,Alto,15.0,3.44,Alto,4.830000000000001,0,0,0.13877715205148838
13.1,86.5,Alto,47.0,35.6,Bajo,6.345,1,0,0.1823066314216757
14.5,76.2,Medio,23.0,8.53,Bajo,5.474,0,0,0.15728077232502014
11.9,59.7,Medio,7.0,2.74,Bajo,2.8209999999999997,0,0,0.08105390185036203
12.4,61.1,Medio,26.0,15.68,Bajo,10.113999999999999,1,0,0.2905987817492242
12.0,53.2,Alto,46.0,3.51,Bajo,21.528,0,0,0.6185495920009195
11.8,71.5,Medio,15.0,8.57,Bajo,4.275,0,0,0.12283070911389497
12.6,70.4,Bajo,25.0,3.92,Bajo,7.399999999999999,0,0,0.21261923916791173
10.6,77.0,Medio,35.0,12.9,Bajo,8.05,0,0,0.23129525341914728
16.8,62.2,Medio,35.0,17.99,Bajo,13.23,1,0,0.3801287208366855
18.1,68.1,Alto,38.0,21.27,Bajo,12.122000000000003,1,0,0.3482932996207334
16.5,78.2,Medio,18.0,7.69,Bajo,3.924,0,0,0.1127456614182278
11.9,85.5,Medio,15.0,1.0,Bajo,2.175,0,0,0.06249281691759568
9.9,68.2,Bajo,18.0,1.0,Alto,5.724,0,0,0.16446385472934147
9.4,59.9,Bajo,30.0,17.78,Alto,12.03,1,1,0.345649925295943
14.6,45.9,Bajo,6.0,16.92,Bajo,3.2460000000000004,1,1,0.09326514193770834
17.0,38.6,Medio,37.0,3.27,Bajo,22.717999999999996,0,0,0.652741064245489
16.2,73.8,Medio,15.0,3.3,Bajo,3.9300000000000006,0,0,0.11291805539593153
17.3,43.1,Medio,38.0,5.56,Bajo,21.622,0,0,0.6212504309849444
11.7,55.4,Medio,42.0,1.0,Bajo,18.732,0,0,0.5382139983909896
11.2,93.6,Medio,37.0,1.69,Bajo,2.368000000000002,0,0,0.06803815653373183
15.6,74.9,Bajo,4.0,7.49,Bajo,1.0039999999999998,0,0,0.02884725893575451
13.8,48.7,Medio,39.0,1.82,Bajo,20.006999999999998,0,0,0.5748477186530284
13.8,90.8,Alto,14.0,16.74,Bajo,1.2880000000000005,1,0,0.03700724054706357
7.3,68.2,Bajo,41.0,4.46,Alto,13.038,0,1,0.3746121135501667
19.4,65.8,Bajo,26.0,36.97,Bajo,8.892000000000001,1,0,0.25548787495690156
9.3,74.2,Bajo,36.0,28.08,Bajo,9.288,1,1,0.26686587748534657
6.9,63.3,Medio,26.0,1.0,Alto,9.542,0,0,0.274163889208137
16.7,49.3,Medio,18.0,8.27,Bajo,9.126,0,0,0.2622112400873463
8.5,72.5,Medio,35.0,16.66,Bajo,9.625,1,0,0.2765486725663717
13.7,70.5,Alto,16.0,1.0,Bajo,4.72,0,0,0.13561659579358695
15.6,65.3,Medio,18.0,7.2,Bajo,6.246,0,0,0.17946213078956444
7.9,56.3,Medio,19.0,1.0,Alto,8.303,0,0,0.23856453281232048
16.0,93.3,Bajo,38.0,7.84,Bajo,2.546000000000001,0,0,0.07315251120560859
8.4,69.6,Bajo,25.0,13.09,Alto,7.600000000000001,0,1,0.21836570509136888
15.7,64.2,Medio,32.0,6.05,Bajo,11.456,0,0,0.32915756809562124
11.7,97.5,Medio,34.0,8.65,Bajo,0.85,0,0,0.024422480174692566
13.2,86.5,Bajo,15.0,6.48,Bajo,2.025,0,0,0.05818296747500288
11.6,93.1,Bajo,34.0,5.52,Bajo,2.346000000000002,0,0,0.06740604528215154
7.2,67.3,Medio,14.0,9.31,Alto,4.578,0,0,0.13153660498793246
12.0,56.1,Bajo,46.0,12.15,Bajo,20.194,0,0,0.5802206642914608
8.8,81.7,Medio,25.0,29.23,Bajo,4.574999999999999,1,0,0.13145040799908056
7.7,74.6,Alto,14.0,2.45,Bajo,3.556000000000001,0,0,0.10217216411906681
14.0,64.2,Bajo,38.0,21.13,Bajo,13.604,1,0,0.3908746121135502
12.3,84.9,Bajo,29.0,16.91,Bajo,4.378999999999999,1,0,0.12581887139409262
9.8,85.4,Bajo,35.0,1.0,Bajo,5.109999999999998,0,0,0.1468222043443282
16.0,91.7,Bajo,23.0,12.31,Bajo,1.9089999999999991,0,0,0.05485001723939775
12.1,78.4,Alto,37.0,16.18,Bajo,7.991999999999998,1,0,0.22962877830134465
10.2,71.2,Bajo,33.0,25.27,Bajo,9.503999999999998,1,0,0.27307206068268014
11.8,84.0,Alto,26.0,9.14,Bajo,4.16,0,0,0.11952649120790716
17.2,73.7,Medio,2.0,11.38,Bajo,0.5259999999999999,0,0,0.015113205378692103
20.0,73.5,Medio,15.0,4.52,Bajo,3.975,0,0,0.11421101022870936
16.7,73.3,Medio,35.0,3.82,Bajo,9.345,0,0,0.2685036202735318
12.5,75.7,Bajo,4.0,17.56,Bajo,0.9719999999999999,1,0,0.027927824388001378
10.4,54.1,Medio,23.0,6.72,Alto,14.687999999999999,0,0,0.42202045741868754
14.8,82.8,Medio,36.0,1.94,Bajo,6.192,0,0,0.17791058499023105
15.6,87.2,Bajo,15.0,6.94,Bajo,1.9199999999999995,0,0,0.055166072865187904
11.7,85.4,Bajo,13.0,5.21,Bajo,1.8979999999999992,0,0,0.054533961613607615
11.6,61.3,Bajo,35.0,5.14,Bajo,13.545,0,0,0.3891794046661304
10.7,68.9,Medio,20.0,14.24,Alto,6.219999999999999,0,0,0.17871509021951498
7.0,68.6,Bajo,35.0,7.3,Alto,10.990000000000002,0,0,0.3157683024939663
14.5,70.3,Alto,41.0,27.42,Bajo,12.177,1,0,0.349873577749684
15.7,51.4,Bajo,39.0,10.4,Bajo,18.954,0,1,0.544592575566027
9.7,86.1,Medio,21.0,2.65,Bajo,2.919000000000001,0,0,0.08386967015285603
10.3,62.9,Medio,24.0,2.36,Alto,8.904000000000002,0,0,0.255832662912309
11.9,77.4,Medio,22.0,1.0,Bajo,4.971999999999999,0,0,0.14285714285714285
11.1,65.7,Bajo,4.0,4.55,Bajo,1.3719999999999999,0,0,0.039420756234915526
11.9,75.0,Medio,2.0,2.16,Bajo,0.5,0,0,0.014366164808642687
15.0,74.7,Alto,23.0,1.57,Bajo,1.265,0,0,0.036346396965865994
13.7,80.9,Alto,0.0,16.97,Bajo,0.0,1,0,0.0
9.5,74.1,Bajo,7.0,2.08,Bajo,1.8130000000000004,0,0,0.05209171359613839
14.2,79.7,Medio,7.0,12.42,Bajo,1.4209999999999996,0,0,0.040828640386162504
11.5,56.3,Alto,30.0,26.78,Bajo,13.11,1,0,0.3766808412826112
12.6,91.5,Medio,40.0,2.49,Bajo,3.4,0,0,0.09768992069877026
15.8,66.8,Bajo,33.0,1.0,Bajo,10.956000000000001,0,0,0.3147914032869786
7.0,57.5,Alto,23.0,6.64,Alto,15.725,0,1,0.4518158832318125
13.0,78.2,Medio,26.0,30.84,Bajo,5.667999999999999,1,0,0.16285484427077349
15.0,50.5,Medio,24.0,1.54,Bajo,11.88,0,0,0.34134007585335024
9.2,82.0,Bajo,15.0,10.14,Bajo,2.7,0,0,0.07757728996667052
11.4,86.7,Bajo,16.0,8.87,Bajo,2.1279999999999997,0,0,0.061142397425583264
10.5,50.2,Bajo,40.0,3.23,Alto,19.92,0,1,0.5723480059763246
6.5,85.8,Medio,32.0,2.2,Bajo,4.5440000000000005,0,0,0.13055970578094475
16.9,66.9,Bajo,14.0,3.81,Bajo,4.6339999999999995,0,0,0.13314561544650041
13.2,93.0,Bajo,0.0,4.92,Bajo,0.0,0,0,0.0
16.9,100.0,Alto,38.0,15.38,Bajo,0.0,1,0,0.0
17.2,74.8,Medio,47.0,2.45,Bajo,11.844000000000001,0,0,0.340305711987128
13.0,69.0,Bajo,2.0,8.92,Bajo,0.62,0,0,0.01781404436271693
10.7,78.5,Bajo,21.0,23.87,Bajo,4.515,1,0,0.12972646822204345
13.9,65.0,Medio,1.0,9.92,Bajo,0.35,0,0,0.01005631536604988
12.9,99.7,Bajo,34.0,13.27,Bajo,0.10199999999999904,0,0,0.0029306976209630803
12.5,90.1,Bajo,32.0,2.24,Bajo,3.168000000000002,0,0,0.09102402022756012
7.7,89.5,Bajo,20.0,2.93,Bajo,2.1,0,0,0.060337892196299286
12.8,85.3,Bajo,42.0,15.12,Bajo,6.174000000000001,1,0,0.17739340305711992
14.4,92.5,Bajo,3.0,10.23,Bajo,0.225,0,0,0.006464774163889209
13.9,79.3,Alto,43.0,3.68,Bajo,8.901000000000002,0,0,0.2557464659234572
14.5,78.3,Medio,40.0,1.0,Bajo,8.680000000000001,0,0,0.2493966210780371
5.0,42.1,Medio,46.0,18.13,Alto,26.634,1,1,0.7652568670267786
13.1,80.2,Medio,19.0,7.29,Bajo,3.761999999999999,0,0,0.10809102402022755
11.4,70.8,Medio,17.0,1.0,Bajo,4.964,0,0,0.1426272842202046
14.5,79.6,Medio,0.0,14.1,Bajo,0.0,0,0,0.0
18.1,74.1,Alto,31.0,18.51,Bajo,8.029000000000002,1,0,0.2306918744971843
16.4,68.6,Alto,28.0,44.43,Bajo,8.792000000000002,1,0,0.25261464199517303
13.4,57.8,Medio,38.0,15.81,Bajo,16.036,1,0,0.46075163774278827
8.8,87.9,Medio,17.0,7.21,Bajo,2.056999999999999,0,0,0.05910240202275598
5.9,58.2,Alto,45.0,24.83,Alto,18.81,1,1,0.5404551201011378
10.7,87.2,Bajo,24.0,7.03,Bajo,3.071999999999999,0,0,0.08826571658430064
14.1,52.9,Bajo,28.0,7.05,Bajo,13.187999999999999,0,0,0.3789219629927595
9.1,74.2,Medio,42.0,7.54,Bajo,10.835999999999999,0,0,0.31134352373290425
13.7,87.2,Alto,18.0,7.1,Bajo,2.3039999999999994,0,0,0.06619928743822548
12.4,78.1,Bajo,13.0,20.25,Bajo,2.8470000000000004,1,0,0.08180094242041147
9.7,100.0,Medio,31.0,3.64,Bajo,0.0,0,0,0.0
7.5,52.0,Bajo,31.0,9.97,Alto,14.88,0,1,0.42753706470520636
19.1,72.8,Bajo,32.0,18.72,Bajo,8.704,1,0,0.2500861969888519
12.5,62.0,Bajo,14.0,16.48,Bajo,5.32,1,0,0.15285599356395818
11.1,57.6,Medio,22.0,11.74,Bajo,9.328,0,0,0.26801517067003794
11.3,91.8,Medio,12.0,1.54,Bajo,0.9840000000000003,0,0,0.028272612343408818
12.1,69.1,Bajo,16.0,9.09,Bajo,4.944000000000001,0,0,0.1420526376278589
6.3,57.8,Alto,23.0,1.0,Alto,8.44,0,0,0.24250086196988854
12.2,96.9,Medio,42.0,3.06,Bajo,1.3019999999999976,0,0,0.037409493161705484
15.0,100.0,Bajo,31.0,2.28,Bajo,0.0,0,0,0.0
16.6,98.7,Bajo,19.0,10.43,Bajo,0.24699999999999947,0,0,0.007096885415469472
11.0,88.3,Medio,5.0,1.0,Bajo,0.5850000000000002,0,0,0.016808412826111948
8.7,70.8,Bajo,42.0,26.41,Bajo,12.264000000000001,1,0,0.3523732904263878
10.2,43.1,Bajo,30.0,26.17,Alto,17.07,1,1,0.49046086656706134
14.8,92.6,Bajo,40.0,10.36,Bajo,2.960000000000002,0,0,0.08504769566716476
11.1,77.1,Medio,31.0,16.97,Bajo,7.099000000000002,1,0,0.20397080795310893
12.9,88.4,Bajo,3.0,3.67,Bajo,0.3479999999999998,0,0,0.009998850706815304
11.2,77.7,Alto,18.0,1.99,Bajo,4.013999999999999,0,0,0.11533157108378347
12.9,82.2,Medio,10.0,1.33,Bajo,1.7799999999999998,0,0,0.05114354671876796
16.7,79.9,Bajo,18.0,7.35,Bajo,3.617999999999999,0,0,0.10395356855533845
13.5,100.0,Bajo,14.0,5.11,Bajo,0.0,0,0,0.0
14.7,58.0,Alto,9.0,50.0,Bajo,3.78,1,0,0.1086082059533387
8.4,87.3,Medio,41.0,8.21,Bajo,5.207000000000002,0,0,0.149609240317205
8.7,85.0,Alto,3.0,1.0,Bajo,0.45,0,0,0.012929548327778418
14.2,59.0,Medio,26.0,15.78,Bajo,10.66,1,0,0.3062866337202621
9.2,79.7,Medio,34.0,2.66,Bajo,6.901999999999999,0,0,0.19831053901850362
14.7,74.1,Alto,6.0,6.43,Bajo,1.5540000000000003,0,0,0.04465004022526148
11.6,59.3,Bajo,2.0,1.99,Bajo,0.8140000000000001,0,0,0.023388116308470295
10.2,68.4,Alto,5.0,3.28,Alto,1.5799999999999996,0,0,0.04539708079531088
15.6,89.0,Medio,11.0,3.01,Bajo,1.21,0,0,0.0347661188369153
9.9,66.0,Medio,9.0,13.31,Alto,3.06,0,0,0.08792092862889324
11.7,76.2,Alto,41.0,2.92,Bajo,9.758,0,0,0.2803700724054706
18.3,73.9,Medio,12.0,5.28,Bajo,3.1319999999999992,0,0,0.08998965636133777
9.7,55.1,Bajo,20.0,2.15,Alto,8.98,0,1,0.25801631996322266
11.1,83.0,Medio,23.0,1.0,Bajo,3.91,0,0,0.11234340880358581
10.6,51.5,Medio,1.0,12.23,Alto,0.485,0,0,0.013935179864383406
14.6,80.5,Medio,27.0,17.85,Bajo,5.265,1,0,0.15127571543500748
11.4,95.8,Alto,35.0,19.45,Bajo,1.470000000000001,1,0,0.04223652453740953
14.9,84.0,Medio,6.0,13.95,Bajo,0.96,0,0,0.027583036432593955
12.7,89.7,Bajo,35.0,14.49,Bajo,3.6049999999999986,0,0,0.10358004827031374
14.9,66.4,Alto,31.0,10.43,Bajo,10.415999999999999,0,0,0.29927594529364443
10.2,86.7,Medio,19.0,14.84,Bajo,2.5269999999999992,0,0,0.07260659694288012
10.0,77.0,Bajo,13.0,3.75,Bajo,2.99,0,0,0.08590966555568327
8.3,44.4,Alto,38.0,6.37,Alto,21.128,0,1,0.6070566601540054
11.7,92.1,Medio,44.0,16.54,Bajo,3.4760000000000026,1,0,0.09987357774968403
8.2,77.7,Medio,38.0,11.05,Bajo,8.473999999999998,0,0,0.2434777611768762
12.5,85.3,Bajo,4.0,1.0,Bajo,0.5880000000000001,0,0,0.016894609814963803
6.9,96.7,Alto,13.0,2.05,Bajo,0.4289999999999996,0,0,0.012326169405815414
14.3,29.7,Medio,15.0,2.24,Bajo,10.545,0,0,0.30298241581427426
12.8,91.1,Medio,10.0,11.98,Bajo,0.8900000000000006,0,0,0.025571773359383997
12.9,100.0,Bajo,27.0,1.0,Bajo,0.0,0,0,0.0
15.9,63.6,Bajo,11.0,5.58,Bajo,4.004,0,0,0.11504424778761062
12.5,78.1,Bajo,13.0,17.77,Bajo,2.8470000000000004,1,0,0.08180094242041147
14.6,74.0,Alto,44.0,12.35,Bajo,11.44,0,0,0.32869785082174463
13.8,82.8,Medio,39.0,6.72,Bajo,6.708000000000001,0,0,0.1927364670727503
10.8,89.2,Bajo,22.0,6.52,Bajo,2.3759999999999994,0,0,0.06826801517067003
12.7,76.5,Medio,38.0,8.88,Bajo,8.93,0,0,0.25657970348235837
8.0,74.7,Medio,17.0,7.76,Bajo,4.300999999999999,0,0,0.12357774968394437
20.0,65.4,Bajo,24.0,50.0,Bajo,8.303999999999998,1,0,0.23859326514193768
10.4,76.1,Alto,35.0,1.22,Bajo,8.365000000000002,0,0,0.2403459372485922
12.1,91.2,Alto,18.0,1.88,Bajo,1.5839999999999994,0,0,0.04551201011378001
1.0,66.1,Bajo,1.0,26.16,Alto,0.3390000000000001,1,1,0.009740259740259744
14.6,64.7,Medio,1.0,1.0,Bajo,0.353,0,0,0.010142512354901736
13.3,83.4,Alto,25.0,1.0,Bajo,4.149999999999999,0,0,0.11923916791173425
12.8,63.0,Medio,6.0,16.31,Bajo,2.22,1,0,0.06378577175037353
15.0,79.9,Alto,18.0,11.62,Bajo,3.617999999999999,0,0,0.10395356855533845
9.9,82.3,Medio,17.0,7.41,Bajo,3.0090000000000003,0,0,0.0864555798184117
12.2,69.9,Medio,27.0,7.03,Bajo,8.126999999999999,0,0,0.2335076427996782
12.4,81.4,Medio,20.0,8.74,Bajo,3.719999999999999,0,0,0.10688426617630155
10.3,79.0,Alto,8.0,11.49,Bajo,1.68,0,0,0.048270313757039426
10.0,67.6,Alto,43.0,25.34,Alto,13.932000000000002,1,0,0.4002988162280199
10.5,93.1,Medio,25.0,6.4,Bajo,1.7250000000000014,0,0,0.04956326858981731
17.0,68.2,Bajo,39.0,26.76,Bajo,12.401999999999997,1,0,0.3563383519135731
11.3,66.0,Medio,37.0,2.45,Bajo,12.58,0,0,0.36145270658545
15.8,92.9,Medio,1.0,1.47,Bajo,0.07099999999999994,0,0,0.0020399954028272596
10.4,64.2,Medio,41.0,7.68,Alto,14.677999999999999,0,0,0.4217331341225147
8.4,73.9,Bajo,36.0,14.88,Bajo,9.395999999999997,0,0,0.2699689690840133
13.9,65.4,Medio,26.0,10.33,Bajo,8.995999999999999,0,0,0.25847603723709917
8.8,100.0,Medio,29.0,1.0,Bajo,0.0,0,0,0.0
9.8,82.4,Bajo,45.0,4.02,Bajo,7.919999999999998,0,0,0.2275600505689001
12.5,100.0,Medio,15.0,1.75,Bajo,0.0,0,0,0.0
6.0,100.0,Medio,17.0,11.39,Bajo,0.0,0,0,0.0
5.4,82.2,Bajo,19.0,3.87,Bajo,3.3819999999999992,0,0,0.09717273876565911
14.4,89.7,Bajo,15.0,16.61,Bajo,1.5449999999999995,1,1,0.04439144925870589
17.6,80.3,Bajo,36.0,3.41,Bajo,7.0920000000000005,0,0,0.20376968164578788
16.2,67.6,Medio,32.0,14.92,Bajo,10.368000000000002,0,0,0.2978967934720148
13.1,87.7,Bajo,11.0,4.76,Bajo,1.3529999999999995,0,0,0.038874841972187095
8.8,77.3,Medio,3.0,1.0,Bajo,0.681,0,0,0.019566716469371342
12.9,64.8,Bajo,0.0,7.35,Bajo,0.0,0,0,0.0
19.4,62.1,Bajo,16.0,3.6,Bajo,6.064,0,0,0.1742328467992185
19.2,65.8,Bajo,2.0,5.82,Bajo,0.684,0,0,0.019652913458223197
8.7,66.1,Alto,30.0,11.32,Alto,10.170000000000002,0,0,0.2922077922077923
14.4,74.6,Bajo,23.0,1.7,Bajo,8.128000000000002,0,0,0.23353637512929556
8.2,85.0,Medio,28.0,5.46,Bajo,4.2,0,0,0.12067578439259857
19.7,52.1,Alto,20.0,12.39,Bajo,9.58,0,0,0.27525571773359386
12.2,79.6,Bajo,12.0,5.57,Bajo,2.448000000000001,0,0,0.07033674290311462
12.9,70.5,Medio,32.0,24.96,Bajo,9.44,1,0,0.2712331915871739
16.6,61.9,Bajo,38.0,8.98,Bajo,14.478,0,0,0.4159866681990576
11.4,55.6,Medio,44.0,1.52,Bajo,19.535999999999998,0,0,0.561314791403287
14.1,79.1,Medio,47.0,11.11,Bajo,9.823000000000002,0,0,0.2822376738305943
12.3,100.0,Bajo,25.0,8.57,Bajo,0.0,0,0,0.0
11.6,59.3,Bajo,32.0,11.11,Bajo,13.024000000000001,0,0,0.3742098609355247
16.8,83.4,Bajo,17.0,1.21,Bajo,2.821999999999999,0,0,0.0810826341799793
12.7,82.1,Medio,11.0,7.16,Bajo,1.9690000000000005,0,0,0.05657395701643492
14.9,86.1,Medio,1.0,4.24,Bajo,0.13900000000000007,0,0,0.003993793816802669
18.5,100.0,Bajo,44.0,1.83,Bajo,0.0,0,0,0.0
10.7,100.0,Bajo,17.0,16.98,Bajo,0.0,1,0,0.0
12.9,94.8,Bajo,39.0,5.04,Bajo,2.0280000000000014,0,0,0.05826916446385477
12.0,51.8,Bajo,12.0,5.94,Bajo,5.784000000000001,0,0,0.1661877945063786
18.5,36.6,Bajo,18.0,12.27,Bajo,11.412,0,0,0.3278933455924607
14.7,90.4,Medio,19.0,4.07,Bajo,1.823999999999999,0,0,0.05240776922192849
12.3,80.8,Alto,17.0,1.0,Bajo,3.2640000000000002,0,0,0.09378232387081946
10.2,74.7,Bajo,47.0,13.9,Bajo,11.890999999999998,0,0,0.3416561314791403
12.8,73.7,Alto,32.0,6.29,Bajo,8.415999999999999,0,0,0.24181128605907365
13.3,91.7,Bajo,8.0,3.45,Bajo,0.6639999999999998,0,0,0.01907826686587748
9.0,51.6,Bajo,16.0,18.3,Alto,7.744,1,1,0.22250316055625793
12.9,83.5,Bajo,42.0,1.64,Bajo,6.93,0,0,0.19911504424778761
18.9,59.8,Medio,37.0,13.82,Bajo,14.874,0,0,0.42736467072750267
14.5,88.2,Alto,19.0,1.78,Bajo,2.241999999999999,0,0,0.06441788300195378
12.1,71.9,Bajo,6.0,25.33,Bajo,1.6859999999999997,1,0,0.04844270773474313
11.0,54.4,Bajo,4.0,25.29,Bajo,1.824,1,0,0.052407769221928524
8.9,91.4,Bajo,39.0,16.73,Bajo,3.3539999999999974,1,1,0.09636823353637507
8.8,73.5,Medio,42.0,34.29,Bajo,11.13,1,0,0.3197908286403862
11.0,77.1,Alto,45.0,9.34,Bajo,10.305000000000001,0,0,0.29608665670612583
20.0,68.9,Bajo,27.0,47.33,Bajo,8.396999999999998,1,0,0.24126537179634525
15.1,71.9,Medio,11.0,1.76,Bajo,3.0909999999999993,0,0,0.08881163084702907
11.0,76.2,Alto,27.0,2.65,Bajo,6.425999999999999,0,0,0.1846339501206758
17.4,83.6,Medio,8.0,5.24,Bajo,1.3120000000000005,0,0,0.037696816457878424
13.4,100.0,Alto,47.0,9.21,Bajo,0.0,0,0,0.0
12.7,80.8,Bajo,31.0,10.49,Bajo,5.952000000000001,0,0,0.17101482588208256
8.1,72.9,Bajo,42.0,12.16,Bajo,11.381999999999998,0,0,0.32703137570394203
15.1,76.0,Medio,31.0,3.46,Bajo,7.44,0,0,0.21376853235260318
11.9,75.7,Alto,15.0,4.47,Bajo,3.6449999999999996,0,0,0.10472934145500518
13.1,56.9,Alto,8.0,23.91,Bajo,3.448,1,0,0.09906907252039997
19.3,61.0,Medio,13.0,22.18,Bajo,5.07,1,0,0.14567291115963685
12.4,67.5,Bajo,33.0,8.82,Bajo,10.725,0,0,0.3081542351453856
14.8,81.1,Bajo,46.0,24.35,Bajo,8.694000000000003,1,0,0.2497988736926791
9.3,72.6,Medio,46.0,17.17,Bajo,12.604000000000003,1,0,0.3621422824962649
13.0,79.3,Medio,29.0,1.14,Bajo,6.003000000000001,0,0,0.17248017469256413
19.6,97.8,Medio,7.0,1.0,Bajo,0.1540000000000002,0,0,0.004424778761061953
9.4,48.9,Medio,21.0,20.96,Alto,10.731000000000002,1,0,0.3083266291230894
9.9,79.1,Bajo,9.0,2.62,Bajo,1.8810000000000004,0,0,0.0540455120101138
10.1,100.0,Bajo,0.0,18.27,Bajo,0.0,1,0,0.0
15.9,100.0,Alto,40.0,2.67,Bajo,0.0,0,0,0.0
14.3,73.9,Medio,3.0,4.71,Bajo,0.7829999999999998,0,0,0.02249741409033444
14.2,84.2,Alto,17.0,5.01,Bajo,2.6859999999999995,0,0,0.07717503735202849
13.0,72.7,Medio,39.0,12.32,Bajo,10.646999999999998,0,0,0.3059131134352373
11.3,56.1,Alto,24.0,1.92,Bajo,10.536,0,0,0.3027238248477187
10.9,87.1,Bajo,11.0,18.87,Bajo,1.4190000000000007,1,0,0.04077117572692796
6.0,79.7,Medio,13.0,7.62,Bajo,2.639,0,0,0.0758246178600161
15.3,71.2,Bajo,6.0,6.84,Bajo,1.7279999999999998,0,0,0.049649465578669116
13.0,89.1,Bajo,6.0,6.96,Bajo,0.6540000000000004,0,0,0.018790943569704645
17.7,69.3,Medio,20.0,33.7,Bajo,6.14,1,0,0.1764165038501322
15.7,72.4,Medio,41.0,2.03,Bajo,11.315999999999997,0,0,0.3251350419492012
15.9,79.1,Bajo,28.0,6.74,Bajo,5.852000000000001,0,0,0.16814159292035405
14.0,100.0,Medio,24.0,3.22,Bajo,0.0,0,0,0.0
17.7,62.4,Medio,12.0,1.64,Bajo,4.5120000000000005,0,0,0.1296402712331916
10.8,80.0,Alto,11.0,30.16,Bajo,2.2,1,0,0.06321112515802782
12.0,95.9,Bajo,9.0,14.78,Bajo,0.3689999999999995,0,0,0.010602229628778288
11.3,76.0,Bajo,0.0,4.26,Bajo,0.0,0,0,0.0
9.2,72.5,Alto,45.0,2.5,Bajo,12.375,0,0,0.3555625790139065
13.6,84.1,Alto,15.0,1.0,Bajo,2.3850000000000007,0,0,0.06852660613722564
13.2,75.6,Alto,13.0,25.66,Bajo,3.1720000000000006,1,0,0.09113894954602922
13.5,71.9,Medio,7.0,3.98,Bajo,1.9669999999999996,0,0,0.05651649235720032
8.5,94.7,Medio,2.0,14.04,Bajo,0.10599999999999994,0,0,0.0030456269394322478
15.3,78.8,Bajo,23.0,1.05,Bajo,4.876000000000001,0,0,0.14009883921388352
13.2,54.7,Medio,20.0,10.35,Bajo,9.06,0,0,0.2603149063326055
8.9,73.3,Medio,31.0,21.42,Bajo,8.277000000000001,1,0,0.23781749224227106
10.4,67.3,Medio,6.0,9.45,Alto,1.9620000000000002,0,0,0.056372830709113905
14.0,83.2,Medio,9.0,50.0,Bajo,1.5119999999999998,1,0,0.04344328238133548
14.5,82.3,Bajo,8.0,5.04,Bajo,1.4160000000000001,0,0,0.04068497873807609
16.9,49.1,Alto,0.0,4.13,Bajo,0.0,0,0,0.0
12.8,72.9,Medio,4.0,13.35,Bajo,1.0839999999999999,0,0,0.03114584530513734
11.6,46.8,Alto,1.0,25.73,Bajo,0.532,1,0,0.01528559935639582
15.9,55.0,Bajo,39.0,25.44,Bajo,17.55,1,1,0.5042523847833583
9.5,41.0,Medio,4.0,2.13,Alto,2.36,0,0,0.06780829789679348
12.9,93.8,Medio,47.0,12.48,Bajo,2.9140000000000015,0,0,0.08372600850476962
13.8,68.7,Medio,25.0,4.4,Bajo,7.824999999999999,0,0,0.22483047925525804
9.8,72.0,Medio,42.0,4.18,Bajo,11.76,0,0,0.33789219629927597
18.1,70.3,Medio,2.0,2.16,Bajo,0.5940000000000001,0,0,0.017067003792667516
6.9,59.4,Alto,46.0,10.09,Alto,18.676000000000002,0,1,0.5366049879324217
13.9,59.2,Medio,40.0,14.98,Bajo,16.32,0,0,0.4689116193540973
12.0,74.3,Bajo,19.0,11.99,Bajo,4.883000000000001,0,0,0.1402999655212045
17.4,92.3,Alto,7.0,15.91,Bajo,0.5390000000000001,1,0,0.015486725663716821
14.4,88.9,Bajo,26.0,1.0,Bajo,2.8859999999999983,0,0,0.08292150327548554
11.9,44.2,Bajo,2.0,17.64,Bajo,1.1159999999999999,1,0,0.032065279852890476
4.1,96.3,Bajo,1.0,1.0,Bajo,0.037000000000000026,0,0,0.0010630961958395595
10.4,75.0,Bajo,5.0,7.44,Bajo,1.25,0,0,0.03591541202160672
10.6,100.0,Medio,40.0,4.17,Bajo,0.0,0,0,0.0
5.6,77.3,Alto,14.0,1.67,Bajo,3.178000000000001,0,0,0.09131134352373294
11.0,57.5,Alto,8.0,11.54,Bajo,3.4,0,0,0.09768992069877026
4.7,91.4,Bajo,35.0,3.96,Bajo,3.0099999999999976,0,0,0.0864843121480289
15.8,58.0,Medio,11.0,16.68,Bajo,4.62,1,0,0.13274336283185842
18.4,79.4,Bajo,28.0,5.44,Bajo,5.767999999999998,0,0,0.16572807723250196
7.7,66.1,Bajo,43.0,1.0,Alto,14.577000000000004,0,0,0.418831168831169
15.7,62.1,Bajo,8.0,4.48,Bajo,3.032,0,0,0.08711642339960925
15.6,82.6,Bajo,23.0,7.97,Bajo,1.3920000000000003,0,0,0.03999540282726125
10.5,83.0,Bajo,30.0,9.82,Bajo,5.1,0,0,0.1465348810481554
12.5,91.5,Bajo,1.0,3.38,Bajo,0.085,0,0,0.0024422480174692567
11.5,75.2,Medio,18.0,10.43,Bajo,4.4639999999999995,0,0,0.1282611194115619
15.3,35.9,Medio,33.0,12.67,Bajo,21.153,0,0,0.6077749683944375
15.8,77.0,Bajo,27.0,1.39,Bajo,6.21,0,0,0.17842776692334217
14.8,82.3,Medio,35.0,16.16,Bajo,6.195000000000001,1,0,0.17799678197908292
13.6,74.3,Medio,43.0,9.29,Bajo,11.051000000000002,0,0,0.31752097460062073
10.1,76.6,Medio,13.0,7.92,Bajo,3.0420000000000003,0,0,0.08740374669578212
15.0,60.9,Alto,9.0,2.98,Bajo,3.519,0,0,0.10110906792322723
11.0,64.6,Bajo,31.0,9.62,Bajo,10.974,0,0,0.3153085852200897
12.2,74.5,Bajo,8.0,20.1,Bajo,2.04,1,0,0.058613952419262164
14.4,70.4,Alto,47.0,27.61,Bajo,13.911999999999999,1,0,0.3997241696356741
15.8,70.0,Medio,22.0,12.31,Bajo,6.6,0,0,0.18963337547408346
15.0,39.5,Medio,37.0,33.85,Bajo,22.385,1,1,0.6431731984829331
14.3,51.6,Bajo,32.0,25.94,Bajo,15.488,1,1,0.44500632111251587
9.1,78.7,Medio,42.0,1.0,Bajo,8.946,0,0,0.2570394207562349
17.1,36.7,Bajo,30.0,18.24,Bajo,18.99,1,1,0.5456269394322492
20.0,76.3,Bajo,6.0,27.01,Bajo,1.4220000000000002,1,0,0.040857372715779806
13.5,69.3,Bajo,6.0,7.2,Bajo,1.842,0,0,0.05292495115503966
12.1,65.1,Alto,10.0,9.52,Bajo,3.4900000000000007,0,0,0.10027583036432597
14.4,53.2,Medio,1.0,3.37,Bajo,0.46799999999999997,0,0,0.013446730260889554
11.8,78.1,Medio,37.0,12.23,Bajo,8.103000000000002,0,0,0.23281806688886342
10.4,54.9,Alto,19.0,7.37,Alto,8.568999999999999,0,0,0.24620733249051832
11.8,43.7,Bajo,46.0,11.16,Bajo,25.897999999999996,0,0,0.7441098724284565
12.0,90.9,Bajo,26.0,2.39,Bajo,2.3659999999999983,0,0,0.06798069187449715
20.0,78.9,Bajo,16.0,16.75,Bajo,3.375999999999999,1,1,0.09700034478795538
12.6,85.6,Medio,13.0,1.0,Bajo,1.8720000000000008,0,0,0.05378692104355824
10.4,62.9,Alto,47.0,12.85,Alto,17.437,0,0,0.501005631536605
14.1,91.6,Medio,37.0,5.56,Bajo,3.108000000000002,0,0,0.089300080450523
19.6,73.5,Alto,22.0,2.52,Bajo,5.83,0,0,0.16750948166877372
9.9,87.7,Medio,28.0,11.39,Bajo,3.443999999999999,0,0,0.0989541432019308
12.9,46.3,Bajo,27.0,17.64,Bajo,14.499,1,0,0.41659004712102066
18.0,95.8,Bajo,15.0,2.44,Bajo,0.6300000000000004,0,0,0.018101367658889797
14.6,87.5,Bajo,19.0,3.37,Bajo,2.375,0,0,0.06823928284105277
11.7,79.4,Alto,22.0,1.48,Bajo,4.531999999999999,0,0,0.1302149178255373
10.7,73.5,Bajo,19.0,5.05,Bajo,5.035,0,0,0.14466727962303186
11.1,68.3,Alto,24.0,3.41,Bajo,7.6080000000000005,0,0,0.21859556372830713
20.0,78.3,Alto,12.0,1.0,Bajo,2.6040000000000005,0,0,0.07481898632341112
11.6,80.6,Medio,28.0,7.29,Bajo,5.432000000000001,0,0,0.15607401448109418
13.2,91.0,Medio,43.0,10.38,Bajo,3.87,0,0,0.11119411561889439
9.6,66.8,Medio,23.0,3.08,Alto,7.636,0,0,0.21940006895759112
20.0,93.4,Medio,46.0,3.08,Bajo,3.0359999999999974,0,0,0.08723135271807832
7.1,80.7,Medio,31.0,9.37,Bajo,5.983,0,0,0.17190552810021836
16.0,100.0,Bajo,14.0,16.69,Bajo,0.0,1,0,0.0
18.8,90.5,Medio,27.0,2.71,Bajo,2.565,0,0,0.07369842546833698
16.2,84.7,Medio,31.0,10.49,Bajo,4.7429999999999986,0,0,0.13627743937478448
7.6,77.9,Bajo,14.0,4.1,Bajo,3.0939999999999994,0,0,0.08889782783588093
11.3,78.0,Alto,22.0,1.0,Bajo,4.84,0,0,0.1390644753476612
11.9,81.3,Bajo,31.0,16.18,Bajo,5.797000000000001,1,0,0.16656131479140332
14.9,91.8,Alto,41.0,4.52,Bajo,3.362000000000001,0,0,0.09659809217331346
14.2,84.0,Medio,42.0,6.48,Bajo,6.72,0,0,0.1930812550281577
9.8,71.2,Bajo,26.0,9.59,Bajo,7.4879999999999995,0,0,0.21514768417423286
15.3,60.9,Alto,38.0,7.55,Bajo,14.857999999999999,0,0,0.42690495345362606
9.2,86.3,Bajo,47.0,2.8,Bajo,6.439000000000001,0,0,0.18500747040570054
14.8,85.8,Bajo,1.0,1.0,Bajo,0.14200000000000002,0,0,0.0040799908056545235
11.6,90.5,Bajo,47.0,9.32,Bajo,4.465,0,0,0.12828985174117918
15.0,70.0,Bajo,40.0,3.63,Bajo,12.0,0,0,0.34478795540742446
13.2,58.1,Medio,19.0,1.38,Bajo,7.961,0,0,0.22873807608320887
13.5,65.2,Bajo,31.0,3.76,Bajo,10.788,0,0,0.3099643719112746
13.2,84.8,Medio,11.0,9.61,Bajo,1.6720000000000004,0,0,0.048040455120101154
14.3,88.0,Medio,16.0,1.0,Bajo,1.92,0,0,0.05516607286518791
18.6,73.8,Bajo,30.0,11.35,Bajo,7.860000000000001,0,0,0.22583611079186305
6.8,88.6,Alto,42.0,14.49,Bajo,4.788000000000002,0,0,0.13757039420756242
18.3,89.1,Medio,41.0,2.71,Bajo,4.469000000000002,0,0,0.1284047810596484
7.8,72.1,Medio,41.0,6.37,Bajo,11.439000000000004,0,0,0.3286691184921275
8.1,90.2,Bajo,1.0,6.27,Bajo,0.09799999999999998,0,0,0.002815768302493966
14.6,74.6,Bajo,39.0,35.1,Bajo,9.906000000000002,1,0,0.28462245718882895
5.3,76.6,Medio,27.0,4.2,Bajo,6.318000000000001,0,0,0.18153085852200904
9.0,78.2,Medio,27.0,1.0,Bajo,5.885999999999999,0,0,0.16911849212734167
8.7,62.1,Medio,31.0,11.61,Alto,11.748999999999999,0,0,0.3375761406734858
8.7,74.7,Bajo,36.0,2.57,Bajo,9.107999999999999,0,0,0.26169405815423513
15.8,62.1,Medio,28.0,9.79,Bajo,10.612,0,0,0.30490748189863237
12.8,60.2,Bajo,38.0,1.63,Bajo,15.123999999999999,0,1,0.4345477531318239
13.0,86.3,Bajo,15.0,4.32,Bajo,2.0550000000000006,0,0,0.05904493736352146
14.9,100.0,Bajo,5.0,3.68,Bajo,0.0,0,0,0.0
7.5,75.4,Alto,40.0,1.05,Bajo,9.839999999999998,0,0,0.28272612343408804
17.8,83.5,Bajo,31.0,2.68,Bajo,5.115,0,0,0.14696586599241468
16.6,88.9,Medio,5.0,32.77,Bajo,0.5549999999999997,1,0,0.015946442937593373
17.8,61.2,Bajo,12.0,4.32,Bajo,4.656,0,0,0.1337777266980807
12.2,74.3,Medio,30.0,18.85,Bajo,7.710000000000001,1,0,0.22152626134927025
10.9,83.0,Medio,39.0,13.25,Bajo,6.63,0,0,0.19049534536260201
9.7,59.8,Alto,29.0,2.01,Alto,11.658000000000001,0,0,0.33496149867831293
15.7,76.3,Bajo,30.0,26.45,Bajo,7.110000000000001,1,0,0.20428686357889903
14.3,82.9,Bajo,27.0,2.48,Bajo,4.616999999999998,0,0,0.13265716584300652
9.0,89.6,Bajo,9.0,12.68,Bajo,0.9360000000000005,0,0,0.026893460521779124
12.3,93.4,Medio,17.0,10.2,Bajo,1.121999999999999,0,0,0.03223767383059416
19.0,66.0,Medio,28.0,1.0,Bajo,9.52,0,0,0.27353177795655675
10.8,67.1,Bajo,6.0,17.34,Alto,1.9740000000000004,1,1,0.05671761866452134
10.0,100.0,Medio,14.0,1.0,Bajo,0.0,0,0,0.0
14.9,94.1,Medio,46.0,10.6,Bajo,2.7140000000000026,0,0,0.07797954258131258
14.2,93.7,Bajo,3.0,14.83,Bajo,0.18899999999999992,0,0,0.005430410297666933
12.3,52.3,Bajo,12.0,2.98,Bajo,5.724000000000001,0,0,0.1644638547293415
14.2,93.3,Medio,28.0,1.4,Bajo,1.8760000000000008,0,0,0.05390185036202738
13.6,70.6,Medio,39.0,2.21,Bajo,11.466000000000001,0,0,0.3294448913917941
15.8,72.4,Bajo,37.0,1.13,Bajo,10.211999999999998,0,0,0.2934145500517182
14.0,100.0,Medio,13.0,1.08,Bajo,0.0,0,0,0.0
12.3,67.4,Bajo,44.0,24.13,Bajo,14.343999999999996,1,0,0.4121365360303413
10.7,83.4,Bajo,44.0,7.94,Bajo,7.303999999999998,0,0,0.2098609355246523
14.0,72.3,Bajo,26.0,10.55,Bajo,7.202000000000001,0,0,0.20693023790368928
20.0,61.4,Medio,13.0,2.42,Bajo,5.018,0,0,0.144178830019538
13.6,87.4,Medio,34.0,1.0,Bajo,4.283999999999998,0,0,0.12308930008045048
9.9,72.6,Medio,30.0,2.58,Bajo,8.220000000000002,0,0,0.23617974945408585
11.9,62.8,Bajo,2.0,50.0,Bajo,0.7440000000000001,1,0,0.02137685323526032
11.0,68.1,Medio,29.0,44.59,Bajo,9.251000000000001,1,0,0.265802781289507
13.0,42.4,Bajo,45.0,2.92,Bajo,25.92,0,1,0.744741983680037
7.1,63.1,Bajo,13.0,14.35,Alto,4.797,0,1,0.13782898517411793
17.8,73.1,Bajo,20.0,10.69,Bajo,5.380000000000001,0,0,0.15457993334099532
14.4,84.2,Alto,20.0,8.09,Bajo,3.1599999999999993,0,0,0.09079416159062176
20.0,83.4,Alto,22.0,1.0,Bajo,3.651999999999999,0,0,0.10493046776232615
11.3,77.7,Bajo,27.0,3.45,Bajo,6.020999999999999,0,0,0.1729973566256752
11.5,89.7,Medio,11.0,16.37,Bajo,1.1329999999999998,1,0,0.03255372945638432
13.2,74.0,Alto,28.0,31.11,Bajo,7.28,1,0,0.2091713596138375
18.9,69.1,Medio,30.0,7.07,Bajo,9.270000000000003,0,0,0.2663486955522355
15.4,64.7,Alto,17.0,15.95,Bajo,6.0009999999999994,1,0,0.1724227100333295
12.7,65.5,Medio,9.0,1.0,Bajo,3.105,0,0,0.08921388346167108
10.8,87.1,Bajo,11.0,10.79,Bajo,1.4190000000000007,0,0,0.04077117572692796
6.1,85.1,Medio,39.0,12.52,Bajo,5.811000000000003,0,0,0.16696356740604537
14.2,72.7,Alto,4.0,1.28,Bajo,1.0919999999999999,0,0,0.031375703942075624
12.6,67.5,Bajo,42.0,16.02,Bajo,13.65,1,0,0.39219629927594535
7.6,81.3,Bajo,45.0,11.8,Bajo,8.415000000000001,0,0,0.24178255372945645
9.2,78.3,Medio,31.0,33.29,Bajo,6.727,1,0,0.1932823813354787
10.0,70.2,Alto,42.0,3.34,Bajo,12.515999999999998,0,0,0.3596138374899437
14.3,84.2,Alto,40.0,4.38,Bajo,6.3199999999999985,0,0,0.18158832318124352
20.0,62.4,Alto,32.0,9.28,Bajo,12.032,0,0,0.34570738995517764
19.0,68.5,Medio,45.0,6.55,Bajo,14.175,0,0,0.4072807723250202
15.7,78.1,Alto,39.0,2.06,Bajo,8.541000000000002,0,0,0.24540282726123444
11.2,82.0,Alto,36.0,1.45,Bajo,6.48,0,0,0.18618549592000924
15.7,86.6,Medio,43.0,38.12,Bajo,5.762000000000003,1,0,0.1655556832547984
16.5,85.5,Medio,31.0,20.01,Bajo,4.495,1,0,0.12915182162969777
17.1,54.0,Alto,20.0,7.4,Bajo,9.2,0,0,0.2643374324790254
7.1,66.8,Bajo,5.0,8.85,Alto,1.66,0,1,0.047695667164693714
13.3,91.0,Bajo,32.0,1.28,Bajo,2.88,0,0,0.08274910929778187
12.4,100.0,Bajo,15.0,1.0,Bajo,0.0,0,0,0.0
10.0,78.0,Medio,22.0,28.67,Bajo,4.84,1,0,0.1390644753476612
11.1,65.6,Bajo,39.0,7.53,Bajo,13.416000000000002,0,0,0.3854729341455006
11.6,69.6,Alto,30.0,22.99,Bajo,9.120000000000003,1,0,0.2620388461096427
16.0,70.5,Bajo,15.0,6.69,Bajo,4.425,0,0,0.12714055855648776
18.1,86.7,Alto,5.0,1.0,Bajo,0.6649999999999998,0,0,0.01910699919549477
12.1,71.1,Bajo,21.0,18.38,Bajo,6.069000000000001,1,0,0.17437650844730496
7.2,72.6,Alto,36.0,10.99,Bajo,9.864000000000003,0,0,0.283415699344903
20.0,57.5,Medio,30.0,14.6,Bajo,12.75,0,0,0.3663372026203885
11.5,62.2,Medio,40.0,3.44,Bajo,15.12,0,0,0.4344328238133548
12.6,86.4,Alto,28.0,2.16,Bajo,3.8079999999999985,0,0,0.10941271118262266
9.9,76.9,Medio,44.0,16.66,Bajo,10.163999999999998,1,0,0.29203539823008845
10.4,99.0,Medio,25.0,8.11,Bajo,0.25,0,0,0.007183082404321343
14.2,57.1,Alto,46.0,4.28,Bajo,19.733999999999998,0,0,0.5670037926675096
20.0,66.9,Alto,5.0,3.0,Bajo,1.6549999999999998,0,0,0.047552005516607286
6.6,69.5,Alto,22.0,18.69,Alto,6.71,1,0,0.19279393173198486
19.0,100.0,Medio,0.0,4.92,Bajo,0.0,0,0,0.0
6.0,76.1,Bajo,35.0,1.13,Bajo,8.365000000000002,0,0,0.2403459372485922
12.4,87.7,Bajo,16.0,1.0,Bajo,1.9679999999999995,0,0,0.0565452246868176
14.1,68.2,Medio,18.0,9.94,Bajo,5.724,0,0,0.16446385472934147
18.5,93.6,Medio,16.0,4.34,Bajo,1.024000000000001,0,0,0.02942190552810025
9.4,74.0,Medio,36.0,16.66,Bajo,9.36,1,0,0.26893460521779106
13.0,77.0,Medio,35.0,8.94,Bajo,8.05,0,0,0.23129525341914728
18.3,83.3,Bajo,19.0,18.45,Bajo,3.1730000000000005,1,0,0.0911676818756465
10.7,100.0,Bajo,23.0,2.55,Bajo,0.0,0,0,0.0
10.9,47.6,Bajo,15.0,4.56,Alto,7.86,0,0,0.22583611079186305
8.0,51.2,Medio,11.0,10.81,Alto,5.367999999999999,0,0,0.15423514538558786
8.3,92.4,Bajo,46.0,4.78,Bajo,3.4959999999999973,0,0,0.10044822434202959
13.0,69.2,Alto,37.0,2.47,Bajo,11.395999999999999,0,0,0.3274336283185841
12.3,100.0,Bajo,5.0,3.6,Bajo,0.0,0,0,0.0
10.0,76.8,Medio,5.0,1.58,Bajo,1.1600000000000001,0,0,0.03332950235605104
12.8,60.6,Medio,39.0,7.87,Bajo,15.366,0,0,0.44150097689920703
10.3,76.7,Bajo,25.0,1.0,Bajo,5.824999999999999,0,0,0.16736582002068728
6.9,48.2,Medio,24.0,4.77,Alto,12.431999999999999,0,0,0.3572003218020917
14.5,70.0,Alto,6.0,13.98,Bajo,1.8,0,0,0.05171819331111367
12.5,44.0,Medio,24.0,11.62,Bajo,13.44,0,0,0.3861625100563154
8.3,63.8,Bajo,6.0,14.81,Alto,2.172,0,1,0.062406619928743835
9.0,88.6,Alto,8.0,5.18,Bajo,0.9120000000000005,0,0,0.026203884610964272
15.4,69.7,Bajo,47.0,2.26,Bajo,14.241,0,0,0.409177106079761
14.3,70.7,Alto,32.0,1.0,Bajo,9.376,0,0,0.2693943224916676
9.2,94.1,Alto,16.0,29.88,Bajo,0.944000000000001,1,0,0.02712331915871742
11.7,66.5,Bajo,18.0,1.0,Bajo,6.03,0,0,0.1732559475922308
17.6,66.5,Bajo,2.0,1.0,Bajo,0.67,0,0,0.0192506608435812
6.9,55.3,Medio,8.0,5.35,Alto,3.576,0,0,0.10274681071141249
13.6,81.5,Medio,13.0,4.13,Bajo,2.405,0,0,0.06910125272957132
15.4,71.7,Alto,34.0,4.13,Bajo,9.622,0,0,0.27646247557751985
19.5,50.4,Bajo,16.0,34.19,Bajo,7.936,1,0,0.22801976784277672
5.9,79.1,Medio,42.0,5.89,Bajo,8.778000000000002,0,0,0.2522123893805311
6.0,66.0,Bajo,43.0,17.7,Alto,14.62,1,1,0.42006665900471213
8.6,74.0,Medio,18.0,39.14,Bajo,4.68,1,0,0.13446730260889553
10.5,71.8,Medio,47.0,5.36,Bajo,13.254000000000001,0,0,0.3808182967475004
16.6,100.0,Medio,11.0,1.0,Bajo,0.0,0,0,0.0
11.2,99.9,Alto,20.0,1.0,Bajo,0.019999999999998862,0,0,0.0005746465923456747
17.2,86.5,Bajo,47.0,7.05,Bajo,6.345,0,0,0.1823066314216757
15.9,68.9,Medio,18.0,1.86,Bajo,5.598,0,0,0.1608435811975635
8.8,74.4,Bajo,23.0,6.08,Bajo,5.887999999999998,0,0,0.1691759567865762
13.9,79.0,Bajo,42.0,1.0,Bajo,8.82,0,0,0.253419147224457
15.6,56.5,Medio,3.0,12.64,Bajo,1.305,0,0,0.03749569015055741
10.2,75.3,Medio,44.0,10.33,Bajo,10.868000000000002,0,0,0.3122629582806575
13.5,68.0,Bajo,21.0,25.02,Bajo,6.72,1,0,0.1930812550281577
18.3,57.2,Bajo,38.0,16.55,Bajo,16.264,1,1,0.46730260889552927
10.3,92.6,Medio,6.0,8.4,Bajo,0.44400000000000034,0,0,0.012757154350074715
14.1,79.2,Bajo,15.0,5.07,Bajo,3.119999999999999,0,0,0.08964486840593035
12.5,52.2,Bajo,33.0,9.83,Bajo,15.774,0,0,0.4532237673830595
13.3,71.7,Medio,47.0,11.56,Bajo,13.300999999999998,0,0,0.3821687162395127
16.1,64.2,Alto,45.0,11.0,Bajo,16.11,0,0,0.4628778301344673
5.9,81.9,Bajo,2.0,9.63,Bajo,0.3619999999999999,0,0,0.010401103321457302
11.4,81.8,Bajo,28.0,1.78,Bajo,5.096000000000001,0,0,0.14641995172968628
17.9,78.8,Bajo,47.0,29.73,Bajo,9.964,1,0,0.2862889323066315
11.1,76.5,Bajo,45.0,1.61,Bajo,10.575,0,0,0.3038443857027928
12.6,93.0,Bajo,24.0,8.6,Bajo,1.68,0,0,0.048270313757039426
12.8,66.4,Medio,40.0,1.4,Bajo,13.439999999999998,0,0,0.38616251005631536
9.3,62.9,Medio,2.0,4.74,Alto,0.742,0,0,0.021319388576025746
5.6,70.5,Medio,47.0,6.76,Bajo,13.865,0,0,0.3983737501436617
7.8,53.9,Medio,24.0,7.0,Alto,11.064,0,0,0.31789449488564536
15.0,39.5,Medio,3.0,8.94,Bajo,1.815,0,0,0.05214917825537295
11.3,65.9,Bajo,35.0,11.5,Bajo,11.934999999999997,0,0,0.34292035398230086
13.3,72.1,Medio,5.0,7.63,Bajo,1.3950000000000002,0,0,0.0400815998161131
15.6,79.3,Bajo,6.0,1.0,Bajo,1.2420000000000002,0,0,0.03568555338466844
14.0,100.0,Bajo,29.0,17.01,Bajo,0.0,1,1,0.0
12.5,94.8,Alto,1.0,18.9,Bajo,0.052000000000000025,1,0,0.00149408114009884
13.2,86.9,Bajo,24.0,7.68,Bajo,3.143999999999999,0,0,0.09033444431674517
16.3,59.1,Bajo,23.0,4.27,Bajo,17.178,0,0,0.4935639581657282
14.6,50.4,Medio,31.0,1.0,Bajo,15.376000000000001,0,0,0.44178830019537996
17.4,52.2,Bajo,38.0,8.8,Bajo,18.163999999999998,0,0,0.5218940351683714
10.3,87.8,Bajo,1.0,5.56,Bajo,0.12200000000000003,0,0,0.0035053442133088164
6.8,67.5,Bajo,47.0,38.24,Alto,15.275,1,1,0.43888633490403406
9.3,62.9,Medio,16.0,2.67,Alto,5.936,0,0,0.17055510860820597
18.9,61.9,Medio,26.0,24.33,Bajo,9.906,1,0,0.28462245718882895
13.6,63.5,Bajo,19.0,18.03,Bajo,6.935,1,0,0.19925870589587405
12.2,77.2,Bajo,10.0,8.81,Bajo,2.28,0,0,0.06550971152741064
13.7,62.0,Alto,10.0,18.77,Bajo,3.8,1,0,0.10918285254568441
10.1,77.6,Medio,1.0,7.55,Bajo,0.22400000000000006,0,0,0.006436041834271925
11.3,82.1,Medio,26.0,6.91,Bajo,4.654000000000002,0,0,0.13372026203884618
13.1,78.1,Medio,12.0,6.96,Bajo,2.6280000000000006,0,0,0.07550856223422597
10.0,74.3,Bajo,15.0,6.42,Bajo,3.8550000000000004,0,0,0.11076313067463513
15.9,76.6,Alto,47.0,3.03,Bajo,10.998000000000001,0,0,0.31599816113090456
16.7,51.2,Medio,32.0,2.58,Bajo,15.616,0,0,0.4486840593035284
12.1,52.8,Bajo,13.0,1.39,Bajo,6.136,0,0,0.17630157453166306
14.5,66.9,Bajo,5.0,24.94,Bajo,1.6549999999999998,1,0,0.047552005516607286
8.4,81.4,Bajo,42.0,8.44,Bajo,7.8119999999999985,0,0,0.2244569589702333
20.0,37.3,Medio,41.0,7.11,Bajo,25.707000000000004,0,0,0.7386219974715552
15.4,85.5,Bajo,30.0,11.37,Bajo,4.35,0,0,0.12498563383519136
16.7,75.6,Bajo,39.0,14.07,Bajo,9.516000000000002,0,0,0.2734168486380877
12.2,81.9,Bajo,45.0,20.56,Bajo,8.144999999999998,1,0,0.2340248247327893
11.0,69.0,Bajo,31.0,19.39,Bajo,9.61,1,0,0.2761176876221124
13.8,97.1,Bajo,2.0,10.45,Bajo,0.058000000000000114,0,0,0.001666475117802555
17.2,85.3,Alto,0.0,14.14,Bajo,0.0,0,0,0.0
14.5,100.0,Bajo,1.0,9.11,Bajo,0.0,0,0,0.0
14.5,67.8,Medio,6.0,2.27,Bajo,1.9320000000000002,0,0,0.055510860820595344
16.4,63.2,Alto,0.0,30.08,Bajo,0.0,1,0,0.0
14.7,76.9,Medio,7.0,2.03,Bajo,1.6169999999999995,0,0,0.04646017699115044
15.3,66.8,Bajo,46.0,23.47,Bajo,15.272,1,1,0.43880013791518224
12.5,84.4,Bajo,4.0,19.26,Bajo,0.6239999999999998,1,0,0.017928973681186067
14.3,65.1,Medio,2.0,4.72,Bajo,0.6980000000000001,0,0,0.020055166072865192
12.6,69.7,Alto,39.0,18.18,Bajo,11.816999999999998,1,0,0.3395299390874612
8.5,75.9,Bajo,41.0,39.89,Bajo,9.880999999999998,1,0,0.2839041489483967
9.8,75.7,Medio,21.0,35.77,Bajo,5.103,1,0,0.14662107803700725
10.2,75.7,Medio,20.0,40.87,Bajo,4.859999999999999,1,0,0.13963912194000688
11.9,81.6,Medio,28.0,17.73,Bajo,5.152000000000002,1,0,0.1480289621882543
12.9,67.6,Alto,27.0,38.4,Bajo,8.748000000000001,1,0,0.2513504194920125
9.5,66.7,Alto,34.0,9.68,Alto,11.321999999999997,0,0,0.3253074359269049
11.3,68.4,Medio,1.0,22.42,Bajo,0.31599999999999995,1,0,0.009079416159062177
9.9,72.1,Bajo,34.0,1.0,Bajo,9.486,0,0,0.2725548787495691
11.3,87.0,Medio,4.0,1.23,Bajo,0.52,0,0,0.014940811400988395
15.9,76.2,Medio,4.0,1.36,Bajo,0.9519999999999998,0,0,0.02735317779565567
13.7,91.7,Bajo,3.0,14.48,Bajo,0.24899999999999992,0,0,0.007154350074704056
12.4,82.9,Bajo,15.0,3.07,Bajo,2.564999999999999,0,0,0.07369842546833695
4.0,86.7,Bajo,4.0,4.9,Bajo,0.5319999999999999,0,0,0.015285599356395816
17.6,79.9,Bajo,47.0,12.97,Bajo,9.446999999999997,0,0,0.27143431789449485
9.9,43.6,Bajo,31.0,50.0,Alto,17.483999999999998,1,1,0.5023560510286174
11.5,74.9,Medio,39.0,43.44,Bajo,9.788999999999998,1,0,0.28126077462360644
11.6,73.6,Bajo,21.0,1.78,Bajo,5.5440000000000005,0,0,0.15929203539823011
17.3,75.9,Medio,33.0,7.29,Bajo,7.9529999999999985,0,0,0.22850821744627053
6.0,63.3,Bajo,6.0,1.13,Alto,2.202,0,0,0.0632685898172624
11.8,84.9,Medio,26.0,13.14,Bajo,3.9259999999999984,0,0,0.11280312607746233
9.2,78.7,Bajo,7.0,3.07,Bajo,1.4909999999999997,0,0,0.04283990345937248
8.2,58.5,Medio,20.0,13.34,Alto,8.3,0,0,0.2384783358234686
14.7,91.9,Medio,42.0,8.93,Bajo,3.4019999999999975,0,0,0.09774738535800477
5.8,87.0,Bajo,46.0,4.22,Bajo,5.98,0,0,0.17181933111136655
17.9,87.4,Medio,19.0,19.13,Bajo,2.393999999999999,1,0,0.06878519710378114
6.8,62.8,Medio,18.0,6.05,Alto,6.696000000000001,0,0,0.19239167911734287
14.2,74.5,Alto,44.0,9.33,Bajo,11.22,0,0,0.3223767383059419
18.6,66.5,Alto,26.0,1.0,Bajo,8.71,0,0,0.2502585909665556
8.3,44.6,Bajo,28.0,6.0,Alto,15.512,0,1,0.44569589702333073
14.4,68.7,Alto,11.0,6.49,Bajo,3.4429999999999996,0,0,0.09892541087231353
14.0,68.8,Medio,26.0,5.39,Bajo,8.112,0,0,0.23307665785541895
8.6,74.4,Bajo,46.0,6.71,Bajo,11.775999999999996,0,0,0.3383519135731524
11.7,81.2,Bajo,22.0,1.62,Bajo,4.135999999999999,0,0,0.11883691529709228
17.8,70.2,Medio,46.0,2.98,Bajo,13.708,0,0,0.3938627743937479
11.7,85.0,Medio,25.0,5.3,Bajo,3.75,0,0,0.10774623606482014
12.6,63.5,Bajo,43.0,1.76,Bajo,15.695,0,0,0.45095391334329393
16.1,70.4,Medio,13.0,13.45,Bajo,3.8479999999999994,0,0,0.1105620043673141
6.7,42.2,Bajo,24.0,7.78,Alto,13.871999999999998,0,1,0.39857487645098266
9.4,73.7,Alto,31.0,13.15,Bajo,8.152999999999999,0,0,0.2342546833697276
20.0,84.6,Alto,11.0,7.45,Bajo,1.6940000000000006,0,0,0.04867256637168144
10.5,99.2,Bajo,21.0,1.9,Bajo,0.1679999999999994,0,0,0.004827031375703925
10.2,61.1,Bajo,45.0,30.07,Alto,17.505,1,1,0.5029594299505804
18.0,75.0,Medio,1.0,9.24,Bajo,0.25,0,0,0.007183082404321343
15.1,65.5,Medio,7.0,11.07,Bajo,2.415,0,0,0.06938857602574418
11.6,79.4,Medio,33.0,36.43,Bajo,6.797999999999998,1,0,0.1953223767383059
16.8,48.8,Medio,2.0,6.01,Bajo,1.024,0,0,0.02942190552810022
16.8,100.0,Medio,36.0,11.33,Bajo,0.0,0,0,0.0
8.0,91.9,Medio,14.0,15.63,Bajo,1.1339999999999992,1,0,0.03258246178600159
10.2,100.0,Bajo,3.0,6.99,Bajo,0.0,0,0,0.0
13.0,89.9,Bajo,11.0,16.45,Bajo,1.1109999999999993,1,1,0.03192161820480403
12.8,44.0,Medio,34.0,8.45,Bajo,19.04,0,0,0.5470635559131135
11.0,63.2,Bajo,35.0,6.64,Bajo,12.88,0,0,0.37007240547063563
12.2,70.8,Medio,44.0,11.4,Bajo,12.848000000000003,0,0,0.3691529709228826
7.0,87.4,Medio,30.0,26.46,Bajo,3.7799999999999985,1,0,0.10860820595333867
20.0,100.0,Bajo,1.0,4.93,Bajo,0.0,0,0,0.0
10.0,86.9,Bajo,21.0,28.22,Bajo,2.750999999999999,1,0,0.07904263877715204
8.8,86.2,Medio,36.0,15.74,Bajo,4.967999999999999,1,0,0.1427422135386737
10.7,70.0,Medio,33.0,1.0,Bajo,9.9,0,0,0.2844500632111252
9.3,48.8,Bajo,41.0,7.85,Alto,20.992000000000004,0,1,0.6031490633260547
12.7,58.2,Bajo,43.0,1.73,Bajo,17.974,0,0,0.5164348925410873
7.1,75.4,Bajo,2.0,24.76,Bajo,0.4919999999999999,1,0,0.0141363061717044
17.1,68.4,Bajo,2.0,14.47,Bajo,0.6319999999999999,0,0,0.018158832318124353
9.2,59.3,Medio,44.0,8.36,Alto,17.908,0,1,0.5145385587863465
5.2,66.7,Bajo,19.0,26.39,Alto,6.326999999999999,1,1,0.18178944948856454
15.4,63.8,Bajo,2.0,9.0,Bajo,0.7240000000000001,0,0,0.020802206642914614
10.4,42.1,Bajo,6.0,8.19,Alto,3.4739999999999998,0,1,0.09981611309044938
8.1,95.5,Bajo,46.0,10.51,Bajo,2.07,0,0,0.05947592230778072
16.3,73.9,Medio,12.0,5.48,Bajo,3.1319999999999992,0,0,0.08998965636133777
9.5,74.8,Medio,26.0,6.25,Bajo,6.5520000000000005,0,0,0.18825422365245378
19.2,59.3,Alto,18.0,40.16,Bajo,7.3260000000000005,1,0,0.21049304677623265
10.2,52.7,Medio,23.0,1.33,Alto,10.878999999999998,0,0,0.3125790139064475
15.3,98.8,Alto,19.0,1.93,Bajo,0.22800000000000054,0,0,0.00655097115274108
8.0,71.6,Medio,27.0,8.4,Bajo,7.668000000000002,0,0,0.2203195035053443
20.0,76.2,Medio,1.0,7.21,Bajo,0.23799999999999996,0,0,0.006838294448913917
14.9,65.3,Alto,7.0,14.08,Bajo,2.4290000000000003,0,0,0.06979082864038617
19.9,73.8,Medio,29.0,17.82,Bajo,7.598000000000001,1,0,0.2183082404321343
16.2,47.8,Medio,42.0,20.85,Bajo,21.924,1,0,0.6299275945293645
9.8,86.3,Alto,32.0,29.51,Bajo,4.384000000000001,1,0,0.1259625330421791
16.8,96.5,Medio,34.0,3.26,Bajo,1.19,0,0,0.034191472244569594
14.4,98.3,Alto,19.0,1.14,Bajo,0.32300000000000056,0,0,0.009280542466383192
15.2,75.5,Bajo,19.0,11.36,Bajo,4.655,0,0,0.1337489943684634
14.7,72.3,Alto,12.0,16.79,Bajo,3.3240000000000003,1,0,0.09550626364785658
12.2,78.6,Medio,43.0,2.19,Bajo,9.202000000000004,0,0,0.2643948971382601
16.9,55.8,Bajo,24.0,1.0,Bajo,10.608000000000002,0,0,0.3047925525801633
11.6,83.1,Bajo,44.0,14.89,Bajo,7.436000000000003,0,0,0.2136536030341341
16.4,100.0,Bajo,30.0,16.46,Bajo,0.0,1,0,0.0
13.9,51.6,Alto,35.0,5.14,Bajo,16.94,0,0,0.48672566371681425
8.3,84.3,Bajo,34.0,2.67,Bajo,5.338000000000001,0,0,0.15337317549706936
6.7,88.5,Bajo,44.0,22.83,Bajo,5.06,1,0,0.14538558786346398
15.9,78.5,Medio,23.0,11.9,Bajo,4.945,0,0,0.14208136995747617
4.1,73.7,Bajo,47.0,31.73,Bajo,12.360999999999999,1,1,0.3551603263992645
12.5,76.2,Medio,46.0,3.62,Bajo,10.948,0,0,0.31456154465004027
8.5,79.0,Medio,24.0,18.78,Bajo,5.04,1,0,0.1448109412711183
6.7,66.6,Alto,17.0,1.96,Alto,5.678000000000001,0,0,0.16314216756694638
4.2,73.7,Medio,11.0,1.0,Bajo,2.8929999999999993,0,0,0.08312262958280657
14.7,61.9,Medio,32.0,25.36,Bajo,12.192,1,0,0.3503045626939433
11.6,59.3,Medio,3.0,4.19,Bajo,1.221,0,0,0.035082174462705444
14.6,81.5,Alto,23.0,20.17,Bajo,4.255,1,0,0.12225606252154926
14.9,88.9,Medio,3.0,11.01,Bajo,0.33299999999999985,0,0,0.009567865762556025
16.0,75.0,Alto,34.0,9.07,Bajo,8.5,0,0,0.24422480174692568
5.9,65.5,Alto,36.0,1.0,Alto,12.42,0,0,0.35685553384668434
14.0,67.2,Alto,28.0,19.75,Bajo,9.184,1,0,0.26387771520514886
12.5,75.9,Medio,15.0,42.64,Bajo,3.614999999999999,1,0,0.1038673715664866
8.7,71.9,Bajo,44.0,11.65,Bajo,12.363999999999997,0,0,0.3552465233881163
9.9,39.7,Bajo,2.0,6.92,Alto,1.206,0,1,0.03465118951844616
12.8,55.7,Alto,45.0,5.78,Bajo,19.935,0,0,0.5727789909205838
10.2,76.9,Bajo,32.0,2.33,Bajo,7.391999999999999,0,0,0.21238938053097345
11.3,62.5,Bajo,12.0,1.0,Bajo,4.5,0,0,0.12929548327778417
8.0,64.6,Medio,6.0,50.0,Alto,2.1240000000000006,1,1,0.061027468107114145
13.1,68.3,Alto,4.0,14.7,Bajo,1.268,0,0,0.03643259395471785
16.5,85.8,Bajo,11.0,3.71,Bajo,1.5620000000000005,0,0,0.044879898862199764
12.8,79.8,Bajo,40.0,13.81,Bajo,8.080000000000002,0,0,0.23215722330766586
11.3,89.9,Medio,44.0,1.0,Bajo,4.443999999999997,0,0,0.1276864728192161
16.4,58.0,Medio,2.0,8.43,Bajo,0.84,0,0,0.024135156878519713
10.4,83.9,Alto,37.0,10.51,Bajo,5.956999999999998,0,0,0.1711584875301689
11.2,70.7,Medio,37.0,5.63,Bajo,10.841,0,0,0.3114871853809907
6.5,100.0,Bajo,43.0,10.89,Bajo,0.0,0,0,0.0
10.7,87.4,Alto,34.0,8.04,Bajo,4.283999999999998,0,0,0.12308930008045048
12.4,56.5,Bajo,10.0,5.28,Bajo,4.35,0,0,0.12498563383519136
11.3,59.3,Alto,7.0,7.42,Bajo,2.849,0,0,0.08185840707964603
8.4,63.1,Medio,45.0,5.73,Alto,16.605,0,1,0.4771003332950236
11.0,75.5,Bajo,29.0,11.87,Bajo,7.105,0,0,0.2041432019308126
7.9,74.7,Alto,47.0,10.51,Bajo,11.890999999999998,0,0,0.3416561314791403
12.8,87.5,Medio,30.0,1.0,Bajo,3.75,0,0,0.10774623606482014
13.2,80.0,Alto,20.0,3.39,Bajo,4.0,0,0,0.11492931846914149
5.3,40.8,Bajo,32.0,14.14,Alto,18.944000000000003,0,1,0.5443052522698542
10.8,78.5,Bajo,16.0,8.03,Bajo,3.44,0,0,0.09883921388346169
16.4,51.2,Bajo,23.0,3.03,Bajo,11.223999999999998,0,0,0.322491667624411
7.4,61.2,Bajo,23.0,8.92,Alto,8.924,0,1,0.2564073095046547
13.6,85.1,Medio,9.0,17.99,Bajo,1.3410000000000004,1,0,0.0385300540167797
19.4,79.7,Alto,17.0,2.73,Bajo,3.4509999999999996,0,0,0.09915526950925181
15.9,73.8,Alto,27.0,2.57,Bajo,7.074000000000001,0,0,0.20325249971267675
11.8,70.4,Medio,41.0,3.55,Bajo,12.135999999999997,0,0,0.34869555223537524
14.3,60.7,Alto,1.0,27.9,Bajo,0.39299999999999996,1,0,0.01129180553959315
9.2,63.9,Bajo,9.0,13.84,Alto,3.2490000000000006,0,1,0.0933513389265602
19.5,78.4,Medio,15.0,21.98,Bajo,3.239999999999999,1,0,0.09309274796000458
10.5,95.7,Medio,12.0,8.97,Bajo,0.5159999999999997,0,0,0.014825882082519243
4.6,100.0,Medio,4.0,26.7,Bajo,0.0,1,0,0.0
6.6,70.8,Alto,46.0,6.4,Bajo,13.432,0,0,0.38593265141937716
15.3,61.2,Medio,42.0,5.43,Bajo,16.296,0,0,0.46822204344328244
8.6,66.6,Medio,29.0,30.35,Alto,9.686000000000002,1,0,0.2783013446730262
15.7,80.8,Medio,2.0,7.03,Bajo,0.38400000000000006,0,0,0.011033214573037586
11.4,90.3,Bajo,41.0,37.7,Bajo,3.977000000000001,1,0,0.11426847488794396
17.9,88.8,Bajo,20.0,50.0,Bajo,2.2400000000000007,1,1,0.06436041834271926
13.4,76.1,Bajo,19.0,6.59,Bajo,4.541000000000001,0,0,0.1304735087920929
14.1,87.6,Bajo,27.0,1.76,Bajo,3.3480000000000016,0,0,0.09619583955867148
11.4,59.9,Alto,47.0,14.29,Bajo,18.847,0,0,0.5415182162969775
20.0,75.5,Medio,38.0,2.73,Bajo,9.31,0,0,0.2674979887369268
15.0,32.2,Bajo,8.0,27.5,Bajo,5.4239999999999995,1,0,0.15584415584415584
7.4,53.8,Bajo,45.0,5.67,Alto,20.79,0,1,0.5973451327433629
12.2,47.6,Medio,36.0,21.45,Bajo,18.863999999999997,1,0,0.5420066659004712
12.4,49.1,Bajo,20.0,5.84,Bajo,10.18,0,0,0.29249511550396506
10.8,89.4,Bajo,21.0,4.06,Bajo,2.2259999999999986,0,0,0.06395816572807721
16.3,72.1,Bajo,23.0,2.43,Bajo,6.417000000000002,0,0,0.1843753591541203
10.3,88.0,Medio,8.0,9.62,Bajo,0.96,0,0,0.027583036432593955
14.5,78.6,Medio,37.0,2.64,Bajo,7.918000000000002,0,0,0.22750258590966563
12.3,93.7,Medio,43.0,2.65,Bajo,2.7089999999999987,0,0,0.07783588093322603
13.7,77.6,Bajo,42.0,19.81,Bajo,9.408000000000001,1,0,0.27031375703942084
19.4,90.1,Medio,13.0,23.97,Bajo,1.2870000000000008,1,0,0.0369785082174463
9.2,74.1,Medio,16.0,22.23,Bajo,4.144000000000001,1,0,0.11906677393403062
11.8,75.4,Medio,46.0,4.9,Bajo,11.315999999999997,0,0,0.3251350419492012
17.6,92.6,Medio,17.0,1.0,Bajo,1.258000000000001,0,0,0.036145270658545024
12.2,72.7,Bajo,0.0,27.19,Bajo,0.0,1,0,0.0
10.5,64.6,Bajo,32.0,6.37,Alto,11.328000000000001,0,0,0.3254798299046087
12.1,70.8,Bajo,20.0,5.23,Bajo,5.84,0,0,0.16779680496494656
14.7,66.1,Medio,4.0,6.78,Bajo,1.3560000000000003,0,0,0.038961038961038974
10.2,50.9,Bajo,18.0,1.82,Alto,8.838000000000001,0,1,0.25393632915756814
9.7,87.4,Bajo,4.0,8.59,Bajo,0.5039999999999998,0,0,0.014481094127111821
11.5,100.0,Bajo,17.0,1.54,Bajo,0.0,0,0,0.0
11.5,90.0,Bajo,0.0,9.59,Bajo,0.0,0,0,0.0
8.5,68.0,Medio,20.0,15.71,Alto,6.4,1,0,0.1838869095506264
12.6,81.9,Medio,8.0,3.24,Bajo,1.4479999999999995,0,0,0.04160441328582921
16.4,65.5,Bajo,17.0,1.0,Bajo,5.865,0,0,0.1685151132053787
12.4,97.0,Medio,30.0,3.19,Bajo,0.9,0,0,0.025859096655556836
12.0,84.5,Bajo,46.0,8.1,Bajo,7.13,0,0,0.2048615101712447
10.7,84.3,Medio,11.0,12.38,Bajo,1.7270000000000005,0,0,0.049620733249051856
17.8,79.6,Bajo,0.0,32.84,Bajo,0.0,1,0,0.0
19.8,81.1,Alto,17.0,6.38,Bajo,3.2130000000000005,0,0,0.09231697506033792
9.4,50.7,Medio,19.0,1.32,Alto,9.366999999999999,0,0,0.26913573152511205
12.6,81.0,Bajo,27.0,7.63,Bajo,5.13,0,0,0.14739685093667396
12.5,99.3,Bajo,14.0,6.78,Bajo,0.09800000000000039,0,0,0.002815768302493978
15.8,77.5,Medio,0.0,1.14,Bajo,0.0,0,0,0.0
17.6,82.3,Medio,4.0,4.29,Bajo,0.7080000000000001,0,0,0.020342489369038045
7.3,78.4,Bajo,10.0,14.29,Bajo,2.1599999999999993,0,0,0.06206183197333638
15.1,72.2,Medio,33.0,3.79,Bajo,9.174,0,0,0.263590391908976
14.3,60.9,Bajo,37.0,45.88,Bajo,14.467,1,0,0.4156706125732675
13.7,61.2,Bajo,4.0,1.0,Bajo,1.5519999999999998,0,0,0.044592575566026894
11.6,56.5,Bajo,46.0,2.25,Bajo,20.01,0,0,0.5749339156418803
10.1,82.0,Medio,5.0,1.0,Bajo,0.9,0,0,0.025859096655556836
13.3,52.5,Bajo,2.0,1.76,Bajo,0.95,0,0,0.027295713136421103
13.8,71.0,Medio,20.0,4.2,Bajo,5.8,0,0,0.16664751178025516
11.3,83.4,Medio,28.0,16.85,Bajo,4.647999999999999,1,0,0.13354786806114238
13.4,59.8,Bajo,15.0,4.88,Bajo,6.03,0,0,0.1732559475922308
16.3,51.5,Bajo,11.0,8.51,Bajo,5.335,0,0,0.15328697850821746
7.7,77.8,Medio,11.0,26.17,Bajo,2.4420000000000006,1,0,0.0701643489254109
14.9,85.8,Medio,47.0,1.0,Bajo,6.674000000000001,0,0,0.19175956786576262
10.6,73.9,Bajo,47.0,1.0,Bajo,12.266999999999998,0,0,0.3524594874152396
15.1,77.8,Medio,46.0,2.62,Bajo,10.212000000000002,0,0,0.2934145500517183
11.5,67.1,Alto,27.0,18.67,Bajo,8.883000000000003,1,0,0.25522928399034606
9.3,76.0,Bajo,46.0,1.0,Bajo,11.04,0,0,0.3172049189748305
11.9,69.0,Bajo,5.0,1.0,Bajo,1.55,0,0,0.04453511090679233
13.1,62.7,Bajo,20.0,5.75,Bajo,7.46,0,0,0.2143431789449489
16.7,43.6,Alto,21.0,2.11,Bajo,11.844,0,0,0.34030571198712795
14.1,88.2,Bajo,12.0,1.0,Bajo,1.4159999999999997,0,0,0.04068497873807608
19.1,84.0,Bajo,12.0,2.38,Bajo,1.92,0,0,0.05516607286518791
19.0,61.1,Medio,42.0,3.21,Bajo,16.338,0,0,0.46942880128720843
20.0,67.3,Medio,44.0,18.29,Bajo,14.388000000000002,1,0,0.413400758533502
12.2,84.6,Medio,19.0,1.0,Bajo,2.9260000000000015,0,0,0.08407079646017704
14.9,60.4,Bajo,45.0,7.44,Bajo,17.82,0,0,0.5120101137800254
7.2,53.2,Medio,18.0,10.17,Alto,8.424,0,0,0.24204114469601196
18.3,74.5,Medio,44.0,5.71,Bajo,11.22,0,0,0.3223767383059419
12.3,94.3,Medio,23.0,3.29,Bajo,0.9690000000000005,0,0,0.02784162739914954
6.9,78.0,Bajo,44.0,8.07,Bajo,9.68,0,0,0.2781289506953224
10.2,81.2,Medio,20.0,4.06,Bajo,3.7599999999999993,0,0,0.10803355936099299
16.7,69.5,Bajo,22.0,1.0,Bajo,6.71,0,0,0.19279393173198486
11.3,53.7,Bajo,19.0,18.66,Bajo,8.796999999999999,1,1,0.2527583036432594
1.9,79.3,Bajo,33.0,34.02,Bajo,6.831000000000001,1,1,0.19627054361567642
17.8,62.8,Bajo,15.0,1.0,Bajo,5.58,0,0,0.16032639926445238
10.8,61.2,Bajo,21.0,2.24,Alto,8.148,0,1,0.23411102172164122
12.3,90.4,Bajo,0.0,1.45,Bajo,0.0,0,0,0.0
10.6,99.9,Medio,38.0,10.96,Bajo,0.03799999999999784,0,0,0.0010918285254567822
14.3,98.5,Bajo,10.0,2.3,Bajo,0.15,0,0,0.004309849442592805
17.9,70.0,Medio,13.0,9.08,Bajo,3.9,0,0,0.11205608550741296
10.8,78.9,Bajo,7.0,11.9,Bajo,1.4769999999999996,0,0,0.04243765084473049
14.8,99.1,Bajo,35.0,14.56,Bajo,0.315000000000002,0,0,0.00905068382944495
13.4,80.8,Medio,2.0,1.0,Bajo,0.38400000000000006,0,0,0.011033214573037586
17.1,90.0,Medio,45.0,11.29,Bajo,4.5,0,0,0.12929548327778417
9.8,100.0,Bajo,2.0,17.28,Bajo,0.0,1,0,0.0
10.8,76.3,Medio,17.0,21.84,Bajo,4.029,1,0,0.11576255602804277
8.4,96.9,Medio,35.0,38.65,Bajo,1.084999999999998,1,0,0.03117457763475457
5.8,81.6,Bajo,43.0,12.78,Bajo,7.912000000000003,0,0,0.22733019193196194
11.8,73.6,Alto,16.0,1.0,Bajo,4.224000000000001,0,0,0.12136536030341345
17.6,61.0,Alto,27.0,8.05,Bajo,10.53,0,0,0.30255143087001496
12.4,75.0,Medio,1.0,14.05,Bajo,0.25,0,0,0.007183082404321343
11.1,54.8,Bajo,9.0,31.11,Bajo,4.0680000000000005,1,0,0.11688311688311691
20.0,75.3,Alto,26.0,16.71,Bajo,6.422000000000001,1,0,0.1845190208022067
13.2,69.3,Bajo,39.0,3.89,Bajo,11.973000000000003,0,0,0.34401218250775784
13.2,69.0,Medio,41.0,4.62,Bajo,12.71,0,0,0.3651879094356971
12.9,64.0,Bajo,38.0,30.05,Bajo,13.68,1,0,0.3930582691644639
5.4,52.8,Medio,5.0,9.32,Alto,2.36,0,0,0.06780829789679348
16.1,61.5,Medio,47.0,6.12,Bajo,18.095,0,0,0.5199115044247788
15.0,60.9,Alto,21.0,4.19,Bajo,8.211,0,0,0.2359211584875302
11.3,85.2,Bajo,8.0,16.48,Bajo,1.1839999999999997,1,0,0.03401907826686587
14.1,84.0,Alto,0.0,3.35,Bajo,0.0,0,0,0.0
13.8,64.7,Bajo,19.0,16.82,Bajo,6.706999999999999,1,0,0.19270773474313296
10.8,68.0,Medio,27.0,2.71,Alto,8.64,0,0,0.24824732789334564
10.8,89.6,Bajo,29.0,11.15,Bajo,3.0160000000000013,0,0,0.08665670612573273
13.2,77.4,Medio,3.0,8.49,Bajo,0.6779999999999998,0,0,0.019480519480519477
13.6,86.7,Bajo,22.0,2.87,Bajo,2.9259999999999993,0,0,0.08407079646017698
11.8,89.1,Bajo,30.0,1.0,Bajo,3.270000000000002,0,0,0.09395471784852322
13.8,87.6,Bajo,18.0,18.25,Bajo,2.232000000000001,1,0,0.06413055970578098
14.2,44.7,Bajo,39.0,22.9,Bajo,21.566999999999997,1,1,0.6196701528559936
10.1,87.8,Bajo,18.0,2.27,Bajo,2.1960000000000006,0,0,0.0630961958395587
11.6,91.7,Bajo,21.0,5.07,Bajo,1.7429999999999994,0,0,0.05008045052292839
5.2,62.8,Medio,30.0,1.0,Alto,11.16,0,0,0.32065279852890477
11.7,69.4,Alto,26.0,11.88,Bajo,7.9559999999999995,0,0,0.2285944144351224
11.0,65.5,Bajo,1.0,5.61,Bajo,0.345,0,0,0.009912653717963453
9.6,83.4,Bajo,12.0,31.49,Bajo,1.9919999999999993,1,0,0.057234800597632446
10.0,97.1,Medio,33.0,4.34,Bajo,0.9570000000000018,0,0,0.027496839443742156
12.1,52.9,Bajo,14.0,1.0,Bajo,6.593999999999999,0,0,0.18946098149637974
16.9,88.5,Bajo,26.0,6.47,Bajo,2.99,0,0,0.08590966555568327
9.2,79.1,Medio,17.0,3.32,Bajo,3.553000000000001,0,0,0.10208596713021495
10.9,41.5,Medio,39.0,17.4,Alto,22.815,1,1,0.6555281002183658
12.0,81.1,Bajo,26.0,8.32,Bajo,4.9140000000000015,0,0,0.14119066773934036
13.0,55.7,Medio,36.0,24.09,Bajo,15.948,1,0,0.45822319273646717
13.3,84.0,Medio,32.0,8.17,Bajo,5.12,0,0,0.14710952764050111
9.4,77.8,Bajo,19.0,3.43,Bajo,4.218000000000001,0,0,0.12119296632570972
15.7,63.4,Medio,11.0,6.1,Bajo,4.026,0,0,0.1156763590391909
8.6,96.8,Medio,22.0,9.3,Bajo,0.7040000000000006,0,0,0.02022756005056892
8.1,71.9,Alto,26.0,50.0,Bajo,7.305999999999999,1,0,0.2099184001838869
12.5,63.5,Bajo,4.0,1.0,Bajo,1.46,0,0,0.04194920124123664
12.6,70.3,Bajo,10.0,6.32,Bajo,2.97,0,0,0.08533501896333756
13.3,68.6,Bajo,29.0,12.09,Bajo,9.106000000000002,0,0,0.2616365934950007
15.7,59.4,Medio,4.0,43.7,Bajo,1.624,1,0,0.04666130329847145
10.8,100.0,Bajo,30.0,1.95,Bajo,0.0,0,0,0.0
20.0,84.4,Bajo,33.0,8.8,Bajo,5.147999999999999,0,0,0.14791403286978508
16.0,68.5,Medio,28.0,18.13,Bajo,8.82,1,0,0.253419147224457
12.7,100.0,Medio,7.0,1.26,Bajo,0.0,0,0,0.0
16.1,50.9,Bajo,22.0,1.9,Bajo,10.802,0,0,0.31036662452591657
18.5,86.7,Alto,28.0,50.0,Bajo,3.7239999999999993,1,0,0.10699919549477072
16.7,73.7,Medio,32.0,3.72,Bajo,8.415999999999999,0,0,0.24181128605907365
18.0,85.4,Bajo,39.0,4.98,Bajo,5.693999999999997,0,0,0.16360188484082283
10.1,61.9,Medio,23.0,1.61,Alto,1.524,0,0,0.04378807033674291
10.5,63.0,Medio,33.0,1.65,Alto,12.21,0,0,0.35082174462705445
14.1,51.6,Alto,42.0,1.54,Bajo,20.328,0,0,0.584070796460177
9.4,75.3,Bajo,26.0,10.26,Bajo,6.422000000000001,0,0,0.1845190208022067
15.1,54.1,Bajo,1.0,1.24,Bajo,0.45899999999999996,0,0,0.013188139294333986
13.2,75.4,Medio,44.0,21.3,Bajo,10.823999999999996,1,0,0.31099873577749676
12.4,78.3,Medio,21.0,2.54,Bajo,4.557,0,0,0.13093322606596947
12.3,91.1,Bajo,18.0,4.54,Bajo,1.602000000000001,0,0,0.046029192046891196
18.2,92.4,Bajo,6.0,1.0,Bajo,0.4559999999999997,0,0,0.01310194230548212
15.0,83.3,Alto,35.0,5.07,Bajo,5.8450000000000015,0,0,0.16794046661303305
6.7,52.3,Alto,40.0,2.14,Alto,19.08,0,1,0.5482128490978049
12.0,94.6,Bajo,22.0,2.93,Bajo,1.1880000000000013,0,0,0.03413400758533506
15.1,65.9,Bajo,41.0,27.53,Bajo,13.980999999999996,1,0,0.4017067003792667
10.5,72.2,Medio,19.0,8.28,Bajo,5.281999999999999,0,0,0.15176416503850132
15.9,66.8,Bajo,5.0,1.73,Bajo,1.66,0,0,0.047695667164693714
10.6,59.9,Medio,7.0,16.76,Alto,2.807,1,1,0.08065164923572005
13.5,45.7,Medio,11.0,39.02,Bajo,5.973,1,0,0.17161820480404552
12.8,73.3,Medio,41.0,14.65,Bajo,10.947000000000001,0,0,0.314532812320423
11.0,49.2,Medio,43.0,18.44,Bajo,21.844,1,1,0.6276290081599817
10.2,49.7,Medio,47.0,8.81,Alto,23.641,0,1,0.6792610044822435
9.9,66.6,Alto,26.0,5.27,Alto,8.684000000000001,0,0,0.24951155039650622
12.7,73.7,Medio,33.0,2.54,Bajo,8.678999999999998,0,0,0.2493678887484197
15.4,76.8,Bajo,5.0,1.0,Bajo,1.1600000000000001,0,0,0.03332950235605104
20.0,76.8,Bajo,47.0,5.18,Bajo,10.904000000000002,0,0,0.3132973221468798
14.2,87.7,Medio,11.0,23.72,Bajo,1.3529999999999995,1,0,0.038874841972187095
9.9,74.9,Bajo,28.0,7.72,Bajo,7.027999999999999,0,0,0.20193081255028156
8.6,77.5,Bajo,9.0,2.0,Bajo,2.025,0,0,0.05818296747500288
16.3,49.1,Medio,40.0,1.0,Bajo,20.36,0,0,0.5849902310079301
13.3,88.8,Bajo,40.0,23.06,Bajo,4.480000000000001,1,0,0.12872083668543852
9.6,68.5,Medio,5.0,19.52,Alto,1.575,1,0,0.04525341914722446
16.1,44.8,Medio,32.0,4.76,Bajo,17.664,0,0,0.5075278703597289
15.1,62.8,Alto,14.0,14.24,Bajo,5.208000000000001,0,0,0.14963797264682224
11.5,88.3,Alto,10.0,8.99,Bajo,1.1700000000000004,0,0,0.033616825652223896
9.7,76.2,Alto,6.0,4.02,Bajo,1.428,0,0,0.04102976669348351
13.8,72.1,Medio,21.0,19.99,Bajo,5.859000000000001,1,0,0.16834271922767502
13.2,62.7,Medio,27.0,3.29,Bajo,10.071,0,0,0.28936329157568097
12.5,50.2,Medio,19.0,4.17,Bajo,9.462,0,0,0.2718653028387542
13.0,62.9,Bajo,0.0,5.24,Bajo,0.0,0,0,0.0
9.7,78.9,Medio,27.0,10.12,Bajo,5.696999999999998,0,0,0.16368808182967473
10.3,91.5,Bajo,2.0,3.11,Bajo,0.17,0,0,0.004884496034938513
15.0,86.7,Alto,15.0,5.63,Bajo,1.9949999999999994,0,0,0.057320997586484304
16.1,87.7,Medio,46.0,5.34,Bajo,5.657999999999999,0,0,0.1625675209746006
10.7,34.7,Alto,30.0,35.4,Alto,19.59,1,1,0.5628663372026205
20.0,92.1,Alto,15.0,26.26,Bajo,1.185000000000001,1,0,0.034047810596483194
12.7,74.3,Bajo,25.0,10.01,Bajo,6.425000000000001,0,0,0.18460521779105854
15.1,91.0,Alto,6.0,1.67,Bajo,0.54,0,0,0.015515457993334102
12.6,88.3,Bajo,1.0,2.83,Bajo,0.11700000000000003,0,0,0.0033616825652223897
18.5,47.5,Medio,8.0,1.0,Bajo,4.2,0,0,0.12067578439259857
18.5,78.8,Bajo,45.0,1.66,Bajo,9.540000000000001,0,0,0.2741064245489025
10.4,78.5,Medio,7.0,9.17,Bajo,1.505,0,0,0.043242156074014486
8.3,70.6,Bajo,3.0,4.0,Bajo,0.8820000000000001,0,0,0.025341914722445704
12.1,83.2,Medio,6.0,14.49,Bajo,1.0079999999999998,0,0,0.02896218825422365
11.7,79.8,Bajo,38.0,3.41,Bajo,7.676000000000001,0,0,0.22054936214228255
9.3,46.0,Alto,33.0,20.41,Alto,17.82,1,1,0.5120101137800254
12.6,71.2,Medio,8.0,41.42,Bajo,2.304,1,0,0.0661992874382255
14.0,69.3,Medio,30.0,1.0,Bajo,9.21,0,0,0.2646247557751983
12.7,79.9,Bajo,41.0,1.63,Bajo,8.240999999999998,0,0,0.2367831283760487
15.4,53.1,Medio,22.0,5.7,Bajo,10.318,0,0,0.29646017699115046
12.1,77.1,Bajo,35.0,3.97,Bajo,8.015000000000002,0,0,0.23028962188254234
11.7,100.0,Bajo,3.0,7.06,Bajo,0.0,0,0,0.0
14.1,64.8,Alto,47.0,10.04,Bajo,16.544,0,0,0.47534766118836924
12.7,55.6,Bajo,22.0,9.37,Bajo,9.767999999999999,0,0,0.2806573957016435
12.0,86.4,Alto,36.0,14.34,Bajo,4.895999999999998,0,0,0.14067348580622913
10.8,74.3,Bajo,8.0,11.6,Bajo,2.056,0,0,0.05907366969313873
13.2,77.7,Alto,36.0,15.21,Bajo,8.027999999999999,1,0,0.23066314216756695
15.6,82.3,Bajo,34.0,15.0,Bajo,6.018000000000001,0,0,0.1729111596368234
13.6,66.9,Bajo,14.0,2.66,Bajo,4.6339999999999995,0,0,0.13314561544650041
9.7,82.5,Bajo,17.0,20.64,Bajo,2.975,1,0,0.08547868061142398
12.0,50.8,Bajo,23.0,13.86,Bajo,11.316,0,0,0.3251350419492013
17.0,100.0,Bajo,44.0,1.55,Bajo,0.0,0,0,0.0
10.8,83.7,Bajo,27.0,14.13,Bajo,4.400999999999999,0,0,0.1264509826456729
17.3,70.0,Medio,0.0,15.37,Bajo,0.0,1,0,0.0
11.9,53.0,Alto,47.0,1.59,Bajo,22.09,0,0,0.6346971612458339
9.0,100.0,Alto,19.0,7.83,Bajo,0.0,0,0,0.0
18.8,86.3,Medio,8.0,3.63,Bajo,1.0960000000000003,0,0,0.03149063326054478
9.5,68.0,Bajo,31.0,4.55,Alto,9.92,0,1,0.2850247098034709
12.0,53.9,Medio,44.0,5.11,Bajo,20.284000000000002,0,0,0.5828065739570166
10.8,64.8,Alto,36.0,1.0,Alto,12.672,0,0,0.36409608091024026
12.7,100.0,Bajo,24.0,24.83,Bajo,0.0,1,0,0.0
9.5,94.5,Medio,20.0,8.92,Bajo,1.1,0,0,0.03160556257901391
10.8,76.5,Bajo,33.0,13.24,Bajo,7.755,0,0,0.22281921618204806
11.0,90.8,Bajo,19.0,5.09,Bajo,1.7480000000000007,0,0,0.05022411217101485
11.0,89.6,Medio,5.0,12.68,Bajo,0.5200000000000002,0,0,0.0149408114009884
16.6,50.4,Alto,21.0,22.33,Bajo,10.416000000000002,1,0,0.2992759452936445
5.8,100.0,Medio,37.0,17.12,Bajo,0.0,1,0,0.0
20.0,66.9,Bajo,46.0,26.19,Bajo,15.225999999999997,1,1,0.437478450752787
14.4,94.3,Alto,40.0,2.57,Bajo,2.280000000000001,0,0,0.06550971152741068
10.5,71.8,Bajo,35.0,8.06,Bajo,9.870000000000001,0,0,0.28358809332260665
10.6,87.5,Alto,14.0,11.99,Bajo,1.75,0,0,0.050281576830249405
15.4,71.6,Medio,0.0,1.0,Bajo,0.0,0,0,0.0
13.0,76.1,Medio,0.0,20.31,Bajo,0.0,1,0,0.0
16.7,62.3,Medio,9.0,1.0,Bajo,3.3930000000000002,0,0,0.09748879439144928
9.7,69.3,Bajo,34.0,4.6,Alto,10.438000000000002,0,0,0.2999080565452248
6.2,47.1,Medio,20.0,1.9,Alto,10.58,0,0,0.30398804735087925
10.6,52.0,Medio,20.0,10.19,Alto,9.6,0,0,0.27583036432593955
11.8,84.2,Medio,20.0,17.52,Bajo,3.1599999999999993,1,0,0.09079416159062176
6.4,87.9,Bajo,23.0,13.32,Bajo,2.7829999999999986,0,0,0.07996207332490515
13.0,86.4,Bajo,46.0,1.0,Bajo,6.255999999999997,0,0,0.1797494540857372
7.9,64.9,Medio,37.0,1.69,Alto,12.986999999999998,0,0,0.3731467647396851
16.4,83.6,Bajo,5.0,2.35,Bajo,0.8200000000000003,0,0,0.023560510286174015
10.4,100.0,Medio,24.0,7.79,Bajo,0.0,0,0,0.0
20.0,64.3,Medio,18.0,8.3,Bajo,6.426,0,0,0.18463395012067582
9.7,41.6,Medio,16.0,6.7,Alto,9.344,0,0,0.2684748879439145
9.9,89.4,Bajo,4.0,9.39,Bajo,0.42399999999999977,0,0,0.012182507757728991
10.6,74.3,Medio,12.0,9.99,Bajo,3.0840000000000005,0,0,0.0886105045397081
13.9,77.1,Bajo,26.0,5.06,Bajo,5.954000000000001,0,0,0.17107229054131712
13.2,85.1,Bajo,42.0,3.72,Bajo,6.258000000000002,0,0,0.17980691874497193
8.3,85.9,Bajo,1.0,16.65,Bajo,0.14099999999999993,1,0,0.004051258476037236
11.6,65.7,Medio,11.0,3.62,Bajo,3.7729999999999997,0,0,0.1084070796460177
8.0,75.7,Alto,22.0,1.0,Bajo,5.345999999999999,0,0,0.15360303413400758
11.7,64.2,Bajo,9.0,7.07,Bajo,3.222,0,0,0.09257556602689347
8.8,83.5,Alto,39.0,5.34,Bajo,6.435,0,0,0.18489254108723135
10.7,70.8,Bajo,23.0,4.12,Bajo,6.716,0,0,0.19296632570968858
6.6,49.4,Medio,4.0,35.48,Alto,2.024,1,1,0.0581542351453856
18.5,76.0,Bajo,26.0,27.8,Bajo,6.24,1,0,0.17928973681186072
12.3,93.7,Medio,25.0,3.43,Bajo,1.5749999999999995,0,0,0.04525341914722445
20.0,72.3,Bajo,37.0,9.47,Bajo,10.249,0,0,0.2944776462475578
20.0,71.5,Alto,38.0,7.6,Bajo,10.83,0,0,0.3111711297552006
9.5,74.4,Bajo,8.0,29.83,Bajo,2.0479999999999996,1,0,0.05884381105620043
11.0,100.0,Medio,33.0,3.33,Bajo,0.0,0,0,0.0
15.5,79.9,Alto,34.0,5.9,Bajo,6.833999999999999,0,0,0.1963567406045282
16.5,64.0,Bajo,30.0,1.72,Bajo,10.8,0,0,0.31030915986668206
13.1,66.3,Bajo,26.0,13.08,Bajo,8.762,0,0,0.2517526721066545
8.4,69.3,Bajo,20.0,33.88,Alto,6.14,1,1,0.1764165038501322
20.0,78.5,Bajo,18.0,7.16,Bajo,3.87,0,0,0.11119411561889439
11.9,81.3,Alto,47.0,10.26,Bajo,8.789000000000001,0,0,0.2525284450063212
15.2,86.1,Bajo,14.0,1.91,Bajo,1.9460000000000008,0,0,0.05591311343523736
14.9,74.1,Bajo,26.0,5.65,Bajo,6.734000000000001,0,0,0.19348350764279973
10.7,55.1,Bajo,6.0,3.37,Alto,2.694,0,1,0.0774048959889668
11.9,55.2,Medio,25.0,1.0,Bajo,11.2,0,0,0.32180209171359614
13.2,52.6,Bajo,2.0,22.12,Bajo,0.948,1,0,0.027238248477186533
12.8,85.4,Medio,38.0,2.72,Bajo,5.547999999999997,0,0,0.15940696471669918
17.5,100.0,Bajo,30.0,1.0,Bajo,0.0,0,0,0.0
16.4,79.2,Bajo,36.0,5.84,Bajo,7.4879999999999995,0,0,0.21514768417423286
3.1,95.5,Bajo,30.0,1.0,Bajo,1.35,0,0,0.03878864498333526
5.3,58.7,Bajo,22.0,2.88,Alto,9.085999999999999,0,1,0.2610619469026549
17.1,89.8,Medio,45.0,7.89,Bajo,4.590000000000001,0,0,0.1318813929433399
10.2,47.3,Medio,9.0,21.81,Alto,4.743,1,1,0.13627743937478454
12.8,90.3,Bajo,12.0,3.17,Bajo,1.1640000000000004,0,0,0.033444431674520186
15.9,99.5,Bajo,26.0,9.61,Bajo,0.13,0,0,0.003735202850247099
7.5,68.1,Bajo,36.0,34.79,Alto,11.484000000000002,1,1,0.3299620733249053
13.4,73.0,Medio,17.0,12.1,Bajo,4.59,0,0,0.13188139294333986
20.0,85.3,Bajo,21.0,2.97,Bajo,3.0870000000000006,0,0,0.08869670152855996
13.7,66.9,Bajo,42.0,23.53,Bajo,13.901999999999997,1,0,0.39943684633950116
11.1,86.7,Bajo,19.0,1.0,Bajo,2.5269999999999992,0,0,0.07260659694288012
0.6,72.1,Alto,35.0,2.71,Bajo,9.765000000000002,0,0,0.28057119871279174
5.1,46.8,Medio,42.0,2.87,Alto,22.344,0,1,0.6419951729686244
8.6,73.8,Medio,13.0,4.4,Bajo,3.406,0,0,0.09786231467647398
10.7,68.5,Medio,30.0,7.94,Alto,9.45,0,0,0.2715205148833468
12.5,53.5,Medio,2.0,19.89,Bajo,0.93,1,0,0.026721066544075397
12.8,90.3,Medio,42.0,5.35,Bajo,4.074000000000001,0,0,0.11705551086082062
12.8,100.0,Bajo,9.0,27.84,Bajo,0.0,1,0,0.0
7.6,74.5,Bajo,0.0,18.13,Bajo,0.0,1,0,0.0
15.4,100.0,Medio,42.0,12.24,Bajo,0.0,0,0,0.0
6.5,81.1,Medio,8.0,3.64,Bajo,1.5120000000000005,0,0,0.0434432823813355
11.5,70.3,Bajo,7.0,13.19,Bajo,2.079,0,0,0.05973451327433629
11.6,66.7,Bajo,7.0,1.36,Bajo,2.3309999999999995,0,0,0.06697506033789219
12.4,55.1,Medio,31.0,34.52,Bajo,13.918999999999999,1,0,0.3999252959429951
9.2,100.0,Bajo,28.0,4.3,Bajo,0.0,0,0,0.0
11.3,62.8,Alto,27.0,42.05,Bajo,10.044,1,0,0.2885875186760143
11.7,44.9,Medio,24.0,11.56,Bajo,13.224,0,0,0.3799563268589818
10.6,98.6,Alto,12.0,27.79,Bajo,0.16800000000000068,1,0,0.004827031375703962
12.2,100.0,Alto,22.0,8.5,Bajo,0.0,0,0,0.0
12.9,53.9,Medio,4.0,1.0,Bajo,1.844,0,0,0.05298241581427423
15.7,82.1,Alto,23.0,2.89,Bajo,3.222000000000001,0,0,0.0925755660268935
12.3,100.0,Alto,10.0,7.35,Bajo,0.0,0,0,0.0
11.9,100.0,Medio,3.0,6.13,Bajo,0.0,0,0,0.0
10.5,58.5,Bajo,9.0,1.91,Alto,3.735,0,1,0.10731525112056087
16.1,48.8,Alto,14.0,3.88,Bajo,7.168000000000001,0,0,0.20595333869670157
7.6,67.1,Bajo,43.0,2.0,Alto,14.147000000000002,0,1,0.40647626709573625
11.2,66.2,Medio,19.0,3.54,Bajo,6.422,0,0,0.18451902080220667
13.4,62.7,Bajo,12.0,5.68,Bajo,4.476,0,0,0.12860590736696934
12.4,72.8,Bajo,6.0,9.06,Bajo,1.6320000000000001,0,0,0.04689116193540973
7.7,87.7,Medio,10.0,1.9,Bajo,1.2299999999999998,0,0,0.035340765429261005
12.3,79.6,Bajo,40.0,9.89,Bajo,8.160000000000002,0,0,0.2344558096770487
12.2,68.2,Bajo,12.0,1.06,Bajo,3.816,0,0,0.10964256981956098
13.3,73.2,Bajo,22.0,18.26,Bajo,5.895999999999999,1,0,0.16940581542351454
16.5,94.5,Medio,30.0,21.05,Bajo,1.65,1,0,0.047408343868520865
12.2,66.4,Medio,10.0,8.94,Bajo,3.3599999999999994,0,0,0.09654062751407884
9.7,84.9,Bajo,33.0,21.77,Bajo,4.982999999999999,1,0,0.14317319848293297
14.6,83.4,Bajo,13.0,8.03,Bajo,2.1579999999999995,0,0,0.06200436731410182
7.2,85.7,Bajo,16.0,22.12,Bajo,2.2879999999999994,1,0,0.06573957016434892
9.1,94.3,Medio,46.0,3.71,Bajo,2.6220000000000017,0,0,0.0753361682565223
9.2,54.9,Alto,22.0,2.05,Alto,9.922,0,0,0.2850821744627055
6.7,83.3,Bajo,32.0,2.95,Bajo,5.344000000000001,0,0,0.15354556947477307
13.8,74.8,Medio,19.0,3.57,Bajo,4.788,0,0,0.13757039420756237
18.3,29.9,Medio,4.0,26.21,Bajo,2.804,1,0,0.08056545224686817
11.4,92.6,Bajo,30.0,4.36,Bajo,2.2200000000000015,0,0,0.06378577175037357
16.5,86.3,Alto,19.0,3.46,Bajo,2.6030000000000006,0,0,0.07479025399379384
14.6,70.1,Bajo,37.0,7.62,Bajo,11.063000000000002,0,0,0.31786576255602816
15.6,38.2,Medio,23.0,21.38,Bajo,14.213999999999999,1,0,0.40840133318009425
14.1,79.0,Medio,43.0,6.77,Bajo,9.03,0,0,0.2594529364440869
11.6,99.5,Medio,32.0,15.61,Bajo,0.16,1,0,0.00459717273876566
15.4,83.8,Medio,3.0,2.0,Bajo,0.4860000000000001,0,0,0.013963912194000694
12.0,85.3,Alto,23.0,18.1,Bajo,3.3810000000000007,1,0,0.09714400643604186
10.4,75.4,Bajo,19.0,4.02,Bajo,4.673999999999999,0,0,0.13429490863119178
11.3,78.1,Medio,47.0,13.73,Bajo,10.293000000000001,0,0,0.2957418687507184
6.8,72.5,Medio,27.0,21.66,Bajo,7.425,1,0,0.2133375474083439
9.6,58.0,Alto,22.0,4.74,Alto,9.24,0,0,0.26548672566371684
16.0,90.7,Alto,11.0,10.03,Bajo,1.0229999999999997,0,0,0.029393173198482926
10.5,72.9,Medio,10.0,10.43,Bajo,2.7099999999999995,0,0,0.07786461326284334
11.8,55.2,Medio,32.0,1.0,Bajo,14.335999999999999,0,0,0.4119066773934031
16.6,94.1,Alto,42.0,1.39,Bajo,2.4780000000000024,0,0,0.07119871279163323
10.8,90.8,Bajo,11.0,3.47,Bajo,1.0120000000000002,0,0,0.029077117572692802
1.1,97.5,Bajo,32.0,4.75,Bajo,0.8,0,0,0.0229858636938283
10.4,58.4,Alto,18.0,15.82,Alto,7.488,1,1,0.21514768417423288
12.9,77.7,Bajo,47.0,6.34,Bajo,10.481,0,0,0.301143546718768
11.8,85.4,Alto,42.0,4.92,Bajo,6.131999999999998,0,0,0.17618664521319385
10.7,78.2,Medio,35.0,19.97,Bajo,7.629999999999999,1,0,0.21922767497988738
9.4,100.0,Alto,25.0,46.4,Bajo,0.0,1,0,0.0
19.9,76.3,Medio,29.0,6.44,Bajo,6.873000000000001,0,0,0.1974773014596024
13.1,75.7,Medio,4.0,12.74,Bajo,0.9719999999999999,0,0,0.027927824388001378
16.8,74.5,Bajo,36.0,35.91,Bajo,9.18,1,0,0.26376278588667973
16.1,95.3,Alto,44.0,8.27,Bajo,2.0680000000000014,0,0,0.05941845764854619
15.2,77.6,Bajo,36.0,23.35,Bajo,8.064000000000002,1,0,0.2316975060337893
16.7,85.9,Bajo,33.0,3.51,Bajo,4.652999999999999,0,0,0.1336915297092288
14.5,73.3,Medio,25.0,10.07,Bajo,6.675000000000001,0,0,0.19178830019537987
13.8,68.2,Bajo,18.0,7.81,Bajo,5.724,0,0,0.16446385472934147
15.4,92.4,Bajo,23.0,15.58,Bajo,1.7479999999999987,1,0,0.050224112171014794
12.9,67.3,Bajo,28.0,18.17,Bajo,9.156,1,0,0.2630732099758649
7.6,74.8,Medio,42.0,14.0,Bajo,10.584000000000001,0,0,0.30410297666934843
10.1,92.3,Bajo,28.0,13.19,Bajo,2.1560000000000006,0,0,0.061946902654867284
13.7,60.9,Bajo,41.0,5.64,Bajo,16.031000000000002,0,0,0.4606079760947019
9.7,68.7,Bajo,37.0,3.5,Alto,11.581,0,1,0.3327491092977819
18.0,64.0,Alto,8.0,6.44,Bajo,2.88,0,0,0.08274910929778187
18.0,86.1,Alto,30.0,37.46,Bajo,4.170000000000002,1,0,0.11981381450408006
11.7,75.9,Medio,18.0,6.66,Bajo,4.337999999999999,0,0,0.12464084587978393
13.7,100.0,Bajo,9.0,7.28,Bajo,0.0,0,0,0.0
9.3,61.5,Bajo,2.0,26.55,Alto,0.77,1,1,0.022123893805309738
15.0,89.6,Medio,19.0,1.1,Bajo,1.976000000000001,0,0,0.05677508332375593
18.3,92.7,Bajo,7.0,10.51,Bajo,0.5109999999999998,0,0,0.014682220434432819
19.2,79.4,Alto,9.0,1.0,Bajo,1.8539999999999994,0,0,0.053269739110447065
14.9,65.7,Medio,6.0,9.54,Bajo,2.058,0,0,0.05913113435237329
10.9,68.4,Medio,2.0,1.69,Alto,0.6319999999999999,0,0,0.018158832318124353
13.4,73.2,Bajo,26.0,20.9,Bajo,6.968,1,0,0.20020687277324448
10.2,84.1,Medio,26.0,2.23,Bajo,4.134000000000001,0,0,0.11877945063785776
8.5,76.4,Bajo,26.0,6.51,Bajo,6.135999999999999,0,0,0.17630157453166304
11.7,100.0,Bajo,41.0,8.43,Bajo,0.0,0,0,0.0
10.4,87.2,Medio,5.0,28.25,Bajo,0.6399999999999999,1,0,0.018388690955062636
14.3,66.5,Medio,1.0,6.0,Bajo,0.335,0,0,0.0096253304217906
12.4,65.5,Bajo,26.0,3.38,Bajo,8.97,0,0,0.2577289966670498
12.2,72.0,Medio,16.0,5.19,Bajo,4.48,0,0,0.1287208366854385
13.8,64.3,Medio,37.0,3.86,Bajo,13.209000000000001,0,0,0.37952534191472254
17.6,66.5,Bajo,29.0,4.84,Bajo,9.715,0,0,0.2791345822319274
10.7,48.2,Bajo,22.0,11.33,Alto,11.395999999999999,0,1,0.3274336283185841
8.5,62.9,Bajo,16.0,4.11,Alto,5.936,0,1,0.17055510860820597
20.0,80.1,Bajo,5.0,1.0,Bajo,0.9950000000000003,0,0,0.028588667969198955
18.0,87.1,Bajo,33.0,5.58,Bajo,4.2570000000000014,0,0,0.12231352718078388
15.7,77.4,Bajo,14.0,8.41,Bajo,3.1639999999999993,0,0,0.0909090909090909
11.6,76.3,Bajo,43.0,11.8,Bajo,10.191,0,0,0.29281117112975524
11.7,66.4,Medio,16.0,4.2,Bajo,5.3759999999999994,0,0,0.15446500402252614
11.3,54.2,Medio,39.0,1.0,Bajo,17.862,0,0,0.5132168716239512
14.2,49.7,Bajo,9.0,3.19,Bajo,4.527,0,0,0.13007125617745088
16.8,79.9,Bajo,10.0,7.71,Bajo,2.0099999999999993,0,0,0.05775198253074358
7.3,77.6,Bajo,34.0,1.0,Bajo,7.616000000000001,0,0,0.21882542236524544
18.8,74.5,Medio,29.0,13.12,Bajo,7.395,0,0,0.21247557751982532
8.8,77.5,Bajo,10.0,6.02,Bajo,2.25,0,0,0.06464774163889209
8.1,83.3,Medio,37.0,7.51,Bajo,6.179000000000001,0,0,0.17753706470520636
9.9,75.3,Medio,39.0,32.95,Bajo,9.633000000000001,1,0,0.27677853120331003
14.7,88.2,Bajo,14.0,10.06,Bajo,1.6519999999999997,0,0,0.04746580852775543
12.6,60.9,Medio,21.0,5.89,Bajo,8.211,0,0,0.2359211584875302
7.2,74.6,Bajo,36.0,25.99,Bajo,9.144000000000002,1,0,0.2627284220204575
8.6,86.3,Alto,44.0,1.73,Bajo,6.028000000000002,0,0,0.1731984829329963
14.7,100.0,Bajo,24.0,20.2,Bajo,0.0,1,0,0.0
8.8,74.4,Bajo,42.0,10.31,Bajo,10.751999999999999,0,0,0.3089300080450523
12.1,83.5,Medio,46.0,29.17,Bajo,7.59,1,0,0.21807838179519598
9.3,74.7,Bajo,38.0,7.86,Bajo,9.613999999999999,0,0,0.27623261694058154
5.1,89.7,Alto,3.0,5.43,Bajo,0.30899999999999994,0,0,0.008878289851741179
3.2,69.8,Bajo,44.0,13.11,Alto,13.288000000000002,0,0,0.3817951959544881
17.6,64.2,Medio,9.0,26.07,Bajo,3.222,1,0,0.09257556602689347
6.7,44.3,Medio,13.0,13.65,Alto,7.2410000000000005,0,0,0.2080507987587634
8.2,70.4,Medio,27.0,2.76,Bajo,7.991999999999998,0,0,0.22962877830134465
7.5,82.8,Bajo,23.0,22.83,Bajo,3.956000000000001,1,0,0.11366509596598096
13.1,68.8,Medio,1.0,26.1,Bajo,0.31200000000000006,1,0,0.008964486840593039
16.5,77.3,Bajo,14.0,4.58,Bajo,3.178000000000001,0,0,0.09131134352373294
11.4,100.0,Bajo,41.0,5.68,Bajo,0.0,0,0,0.0
6.2,60.5,Bajo,35.0,16.92,Alto,13.825,1,1,0.39722445695897024
11.6,66.3,Bajo,29.0,15.45,Bajo,9.773000000000001,1,0,0.28080105734973
8.7,73.5,Alto,41.0,9.22,Bajo,10.865,0,0,0.3121767612918056
10.1,73.7,Alto,9.0,10.17,Bajo,2.367,0,0,0.06800942420411447
8.5,83.0,Medio,32.0,8.12,Bajo,5.44,0,0,0.15630387311803243
12.4,65.3,Alto,22.0,1.0,Bajo,7.634000000000001,0,0,0.21934260429835659
11.0,71.5,Bajo,44.0,5.49,Bajo,12.54,0,0,0.36030341340075855
12.3,55.4,Medio,21.0,17.77,Bajo,9.366,1,0,0.2691069991954948
14.3,97.6,Bajo,7.0,1.45,Bajo,0.1680000000000004,0,0,0.004827031375703954
14.8,82.2,Medio,35.0,22.29,Bajo,6.229999999999999,1,0,0.17900241351568782
11.2,72.3,Medio,12.0,1.68,Bajo,3.3240000000000003,0,0,0.09550626364785658
14.4,36.3,Medio,46.0,13.46,Bajo,29.302000000000003,0,0,0.8419147224456961
15.7,58.4,Bajo,36.0,11.27,Bajo,14.976,0,0,0.43029536834846577
11.9,83.8,Medio,14.0,4.37,Bajo,2.2680000000000002,0,0,0.06516492357200324
6.4,78.1,Bajo,4.0,6.92,Bajo,0.8760000000000002,0,0,0.025169520744741995
8.3,78.6,Alto,29.0,3.26,Bajo,6.206000000000001,0,0,0.17831283760487307
10.0,56.3,Bajo,25.0,6.76,Alto,10.925,0,1,0.3139007010688427
15.8,81.2,Medio,24.0,1.15,Bajo,4.512,0,0,0.12964027123319158
15.6,100.0,Bajo,26.0,1.24,Bajo,0.0,0,0,0.0
12.8,69.6,Bajo,35.0,18.45,Bajo,10.640000000000002,1,0,0.3057119871279164
12.1,70.4,Alto,35.0,1.0,Bajo,10.359999999999998,0,0,0.2976669348350764
19.2,75.5,Medio,10.0,18.51,Bajo,2.45,1,0,0.07039420756234917
10.9,76.8,Medio,14.0,24.69,Bajo,3.2480000000000007,1,0,0.09332260659694291
14.5,79.2,Medio,41.0,3.21,Bajo,8.527999999999999,0,0,0.24502930697620962
12.5,55.4,Medio,2.0,42.07,Bajo,0.892,1,0,0.025629238018618553
9.2,71.3,Alto,28.0,10.07,Bajo,8.036000000000001,0,0,0.2308930008045053
3.7,76.8,Medio,38.0,1.59,Bajo,8.816,0,0,0.2533042179059879
12.6,74.3,Bajo,20.0,1.92,Bajo,5.14,0,0,0.1476841742328468
12.9,45.5,Bajo,47.0,1.93,Bajo,25.615,0,1,0.7359786231467648
17.5,89.1,Medio,11.0,14.95,Bajo,1.1990000000000007,0,0,0.03445006321112518
11.9,79.8,Alto,33.0,6.7,Bajo,6.666000000000001,0,0,0.19152970922882434
7.0,63.8,Medio,0.0,12.3,Alto,0.0,0,0,0.0
16.9,66.9,Medio,15.0,4.91,Bajo,4.964999999999999,0,0,0.14265601654982185
13.9,65.5,Medio,6.0,27.29,Bajo,2.07,1,0,0.05947592230778072
12.0,71.9,Bajo,2.0,15.57,Bajo,0.5619999999999998,1,0,0.016147569244914374
12.0,52.2,Bajo,33.0,2.06,Bajo,15.774,0,0,0.4532237673830595
12.2,67.4,Medio,37.0,1.0,Bajo,12.061999999999998,0,0,0.3465693598436961
11.3,72.9,Medio,21.0,20.89,Bajo,5.690999999999999,1,0,0.16351568785197101
15.8,72.1,Medio,9.0,1.16,Bajo,2.5110000000000006,0,0,0.07214687966900359
14.5,83.8,Alto,23.0,5.65,Bajo,3.726000000000001,0,0,0.10705666015400532
14.9,44.7,Alto,43.0,6.92,Bajo,23.779,0,0,0.6832260659694289
12.9,72.4,Bajo,39.0,9.38,Bajo,10.764,0,0,0.30927479600045976
13.7,59.9,Bajo,46.0,11.58,Bajo,18.446,0,1,0.529996552120446
17.7,93.1,Medio,36.0,3.99,Bajo,2.484000000000002,0,0,0.07137110676933693
11.7,72.2,Alto,18.0,3.09,Bajo,5.004,0,0,0.143776577404896
12.6,79.6,Bajo,28.0,18.63,Bajo,5.7120000000000015,1,0,0.1641190667739341
15.7,99.5,Medio,43.0,19.37,Bajo,0.215,1,0,0.0061774508677163555
11.9,74.4,Medio,2.0,9.94,Bajo,0.5119999999999999,0,0,0.014710952764050107
11.2,68.3,Bajo,45.0,5.53,Bajo,14.265000000000002,0,0,0.4098666819905759
14.6,67.6,Bajo,36.0,5.3,Bajo,11.664000000000001,0,0,0.3351338926560166
5.7,82.8,Alto,40.0,6.47,Bajo,6.880000000000001,0,0,0.19767842776692338
10.1,47.8,Bajo,22.0,18.12,Alto,11.484000000000002,1,1,0.3299620733249053
11.3,59.7,Bajo,5.0,3.06,Bajo,2.015,0,0,0.05789564417883003
16.8,100.0,Bajo,35.0,14.1,Bajo,0.0,0,0,0.0
10.4,94.6,Bajo,39.0,9.84,Bajo,2.106000000000002,0,0,0.06051028617400306
9.6,76.4,Alto,22.0,11.03,Bajo,5.191999999999998,0,0,0.1491782553729456
8.9,65.3,Bajo,21.0,2.1,Alto,7.287000000000001,0,1,0.20937248592115854
9.9,87.7,Medio,24.0,17.59,Bajo,2.9519999999999995,1,0,0.08481783703022641
15.2,76.0,Bajo,15.0,6.48,Bajo,3.6,0,0,0.10343638662222734
15.7,84.4,Medio,27.0,13.74,Bajo,4.211999999999998,0,0,0.12102057234800594
12.7,59.6,Alto,47.0,2.38,Bajo,18.988,0,0,0.5455694747730147
13.4,61.5,Bajo,24.0,16.93,Bajo,9.24,1,0,0.26548672566371684
11.5,69.4,Medio,29.0,17.08,Bajo,8.873999999999999,1,0,0.2549706930237904
15.2,94.1,Bajo,10.0,1.0,Bajo,0.5900000000000005,0,0,0.016952074474198386
14.2,59.7,Medio,22.0,23.57,Bajo,8.866,1,0,0.25474083438685213
17.2,76.0,Medio,41.0,6.48,Bajo,9.84,0,0,0.28272612343408804
15.3,49.7,Alto,13.0,2.44,Bajo,6.539,0,0,0.18788070336742904
14.1,80.8,Bajo,6.0,11.46,Bajo,1.1520000000000001,0,0,0.033099643719112753
16.1,59.9,Bajo,26.0,4.04,Bajo,10.426000000000002,0,0,0.29956326858981736
14.1,70.5,Medio,34.0,1.32,Bajo,10.03,0,0,0.2881852660613723
15.6,78.6,Bajo,45.0,6.02,Bajo,9.630000000000003,0,0,0.2766923342144582
18.3,76.4,Bajo,20.0,6.96,Bajo,4.719999999999999,0,0,0.13561659579358692
14.3,89.5,Bajo,22.0,17.46,Bajo,2.31,1,0,0.06637168141592921
8.9,83.0,Bajo,29.0,5.67,Bajo,4.93,0,0,0.1416503850132169
6.5,57.3,Alto,15.0,5.49,Alto,6.405,0,0,0.18403057119871283
13.7,77.4,Bajo,36.0,15.36,Bajo,8.135999999999997,1,0,0.23376623376623373
16.3,72.3,Bajo,31.0,4.51,Bajo,8.587,0,0,0.2467245144236295
15.9,73.9,Alto,10.0,8.84,Bajo,2.6099999999999994,0,0,0.07499138030111481
9.4,71.4,Alto,40.0,21.89,Bajo,11.439999999999998,1,0,0.3286978508217446
16.9,76.3,Alto,39.0,2.76,Bajo,9.243,0,0,0.2655729226525687
10.7,57.2,Alto,37.0,1.43,Alto,15.835999999999999,0,1,0.45500517181933114
14.0,37.0,Bajo,31.0,13.19,Bajo,19.53,0,0,0.5611423974255834
12.2,61.7,Bajo,15.0,2.86,Bajo,5.745,0,0,0.16506723365130446
9.5,87.3,Bajo,18.0,1.0,Bajo,2.2860000000000005,0,0,0.06568210550511437
11.7,54.9,Medio,12.0,12.11,Bajo,5.412000000000001,0,0,0.15549936788874846
10.8,61.8,Bajo,22.0,6.5,Alto,8.404000000000002,0,1,0.24146649810366633
15.3,89.1,Bajo,6.0,31.62,Bajo,0.6540000000000004,1,1,0.018790943569704645
15.7,77.4,Medio,47.0,1.0,Bajo,10.621999999999998,0,0,0.3051948051948052
7.7,75.7,Medio,21.0,4.06,Bajo,5.103,0,0,0.14662107803700725
8.3,70.5,Alto,9.0,9.18,Bajo,2.655,0,0,0.07628433513389266
13.6,64.5,Medio,15.0,19.21,Bajo,5.325,1,0,0.15299965521204462
10.6,70.0,Alto,41.0,11.69,Bajo,12.3,0,0,0.3534076542926101
12.3,56.3,Alto,45.0,1.42,Bajo,19.665000000000003,0,0,0.5650212619239169
16.2,84.9,Bajo,11.0,35.61,Bajo,1.6609999999999994,1,0,0.04772439949431099
15.0,68.8,Bajo,13.0,2.28,Bajo,4.056,0,0,0.11653832892770948
12.0,70.3,Alto,25.0,1.94,Bajo,7.425000000000001,0,0,0.2133375474083439
16.0,94.7,Medio,44.0,2.19,Bajo,2.331999999999999,0,0,0.06700379266750946
9.3,77.2,Bajo,8.0,1.76,Bajo,1.8239999999999998,0,0,0.05240776922192852
20.0,71.9,Medio,44.0,2.52,Bajo,12.363999999999997,0,0,0.3552465233881163
13.8,86.0,Alto,16.0,14.62,Bajo,2.24,0,0,0.06436041834271924
12.6,58.7,Bajo,12.0,1.0,Bajo,4.9559999999999995,0,0,0.1423974255832663
11.0,86.0,Alto,15.0,8.24,Bajo,2.1,0,0,0.060337892196299286
15.4,97.7,Medio,16.0,3.29,Bajo,0.36799999999999955,0,0,0.010573497299161004
13.9,67.4,Bajo,23.0,12.45,Bajo,1.9559999999999997,0,0,0.05620043673141018
14.0,100.0,Medio,33.0,35.53,Bajo,0.0,1,0,0.0
18.3,88.0,Bajo,43.0,16.58,Bajo,5.16,1,0,0.14825882082519254
12.8,98.3,Medio,27.0,8.22,Bajo,0.45900000000000074,0,0,0.013188139294334008
15.2,53.8,Medio,12.0,14.45,Bajo,5.5440000000000005,0,0,0.15929203539823011
10.9,63.1,Bajo,46.0,16.09,Alto,16.974,1,1,0.48770256292380193
11.5,93.4,Medio,17.0,3.43,Bajo,1.121999999999999,0,0,0.03223767383059416
13.3,79.5,Medio,43.0,3.49,Bajo,8.815,0,0,0.25327548557637053
6.9,71.0,Alto,35.0,9.32,Bajo,10.15,0,0,0.29163314561544657
8.8,100.0,Medio,30.0,3.82,Bajo,0.0,0,0,0.0
11.5,82.5,Bajo,47.0,47.93,Bajo,8.225,1,1,0.23632341110217217
11.3,63.8,Bajo,16.0,2.74,Bajo,5.792000000000001,0,0,0.1664176531433169
12.7,98.8,Bajo,6.0,6.87,Bajo,0.07200000000000017,0,0,0.002068727732444552
13.2,56.9,Medio,21.0,6.31,Bajo,9.051,0,0,0.2600563153660499
15.1,83.3,Bajo,41.0,3.28,Bajo,6.847000000000001,0,0,0.19673026088955298
18.0,56.2,Alto,40.0,7.04,Bajo,17.52,0,0,0.5033904148948397
9.9,83.4,Bajo,28.0,7.71,Bajo,4.647999999999999,0,0,0.13354786806114238
17.1,62.5,Medio,28.0,1.08,Bajo,10.5,0,0,0.3016894609814964
12.0,46.3,Bajo,28.0,14.78,Bajo,15.036000000000001,0,1,0.43201930812550293
8.4,86.8,Bajo,43.0,29.74,Bajo,5.676000000000001,1,1,0.16308470290771182
14.3,68.5,Bajo,39.0,16.7,Bajo,12.285,1,0,0.3529766693483508
12.2,79.1,Alto,23.0,13.72,Bajo,4.807000000000001,0,0,0.13811630847029083
16.2,88.0,Bajo,8.0,23.0,Bajo,0.96,1,0,0.027583036432593955
16.3,58.5,Medio,1.0,10.71,Bajo,0.415,0,0,0.011923916791173429
8.8,62.7,Medio,41.0,14.62,Alto,15.293,0,1,0.4394035168371452
9.7,75.3,Alto,45.0,4.11,Bajo,11.115000000000002,0,0,0.31935984369612697
6.5,72.9,Medio,10.0,18.42,Bajo,2.7099999999999995,1,0,0.07786461326284334
6.8,55.6,Bajo,23.0,4.56,Alto,11.543999999999999,0,1,0.3316860131019423
14.3,67.1,Bajo,22.0,1.0,Bajo,7.238000000000002,0,0,0.2079646017699116
10.3,79.9,Medio,26.0,45.73,Bajo,5.225999999999999,1,0,0.15015515457993334
8.5,84.3,Medio,47.0,8.07,Bajo,7.379000000000001,0,0,0.21201586024594882
14.9,55.2,Alto,30.0,5.49,Bajo,13.44,0,0,0.3861625100563154
13.1,42.1,Bajo,44.0,36.14,Bajo,25.476,1,1,0.7319848293299621
11.8,86.2,Alto,2.0,17.07,Bajo,0.27599999999999997,1,0,0.007930122974370762
7.4,65.9,Bajo,22.0,11.72,Alto,7.501999999999998,0,1,0.21554993678887482
14.9,50.2,Bajo,1.0,4.9,Bajo,0.498,0,0,0.014308700149408115
11.5,100.0,Medio,2.0,2.83,Bajo,0.0,0,0,0.0
11.5,75.8,Alto,46.0,27.82,Bajo,11.132,1,0,0.3198482932996208
17.2,70.4,Medio,19.0,16.77,Bajo,5.623999999999999,1,0,0.1615906217676129
15.2,71.4,Medio,29.0,15.96,Bajo,8.293999999999999,1,0,0.23830594184576484
18.8,84.1,Medio,22.0,12.5,Bajo,3.498000000000001,0,0,0.10050568900126426
12.0,54.9,Medio,2.0,3.1,Bajo,0.902,0,0,0.025916561314791406
7.4,78.7,Bajo,15.0,5.11,Bajo,3.1949999999999994,0,0,0.09179979312722675
15.8,78.6,Medio,12.0,3.51,Bajo,2.5680000000000005,0,0,0.07378462245718885
8.8,90.2,Medio,30.0,7.75,Bajo,2.939999999999999,0,0,0.08447304907481896
18.5,65.7,Bajo,6.0,4.6,Bajo,2.058,0,0,0.05913113435237329
10.4,72.7,Medio,40.0,25.75,Bajo,10.92,1,0,0.3137570394207563
12.4,86.8,Medio,15.0,1.77,Bajo,1.9800000000000006,0,0,0.056890012642225055
12.8,56.0,Bajo,38.0,27.65,Bajo,16.72,1,1,0.4804045512010114
12.9,78.3,Bajo,45.0,3.91,Bajo,9.765,0,0,0.2805711987127917
9.8,54.9,Bajo,17.0,9.99,Alto,7.667000000000001,0,0,0.22029077117572698
4.8,65.3,Medio,3.0,1.0,Alto,1.0410000000000001,0,0,0.02991035513159408
9.0,64.3,Bajo,1.0,34.37,Alto,0.35700000000000004,1,1,0.010257441673370879
11.0,95.7,Bajo,38.0,1.0,Bajo,1.633999999999999,0,0,0.04694862659464427
13.3,99.2,Bajo,17.0,1.49,Bajo,0.1359999999999995,0,0,0.003907596827950797
14.2,48.5,Alto,35.0,9.39,Bajo,18.025,0,0,0.5179002413515688
9.9,57.2,Bajo,44.0,1.0,Alto,18.831999999999997,0,1,0.5410872313527181
10.5,45.6,Medio,36.0,4.98,Alto,19.584,0,1,0.5626939432249167
9.5,78.2,Bajo,29.0,10.27,Bajo,6.321999999999999,0,0,0.1816457878404781
17.6,70.3,Medio,44.0,14.67,Bajo,13.068000000000001,0,0,0.37547408343868527
13.9,95.7,Medio,26.0,1.0,Bajo,1.1179999999999992,0,0,0.032122744512125025
15.5,97.6,Medio,47.0,1.22,Bajo,1.1280000000000028,0,0,0.03241006780829798
15.4,69.9,Alto,2.0,9.63,Bajo,0.6019999999999999,0,0,0.01729686242960579
10.4,60.4,Alto,24.0,6.03,Alto,9.504000000000001,0,0,0.27307206068268025
15.3,84.5,Bajo,2.0,17.6,Bajo,0.31,1,0,0.008907022181358465
7.3,75.2,Bajo,1.0,5.89,Bajo,0.24799999999999997,0,0,0.007125617745086772
11.9,50.9,Bajo,46.0,1.0,Bajo,22.586,0,0,0.6489483967360073
8.3,68.5,Alto,24.0,7.26,Alto,7.56,0,0,0.2172164119066774
12.6,62.7,Medio,33.0,18.07,Bajo,12.309,1,0,0.3536662452591656
11.8,81.5,Bajo,11.0,2.04,Bajo,2.035,0,0,0.058470290771175736
15.3,87.7,Bajo,43.0,34.44,Bajo,5.288999999999999,1,0,0.15196529134582232
9.3,65.3,Bajo,23.0,14.71,Alto,7.981,0,1,0.22931272267555455
15.6,78.8,Medio,37.0,11.28,Bajo,7.844000000000001,0,0,0.2253763935179865
13.2,89.4,Alto,34.0,2.53,Bajo,3.603999999999998,0,0,0.10355131594069643
15.2,100.0,Alto,13.0,9.28,Bajo,0.0,0,0,0.0
12.7,69.6,Medio,31.0,1.12,Bajo,9.424000000000001,0,0,0.2707734743132974
17.0,71.9,Bajo,25.0,1.0,Bajo,7.024999999999999,0,0,0.2018446155614297
11.0,85.2,Medio,39.0,9.77,Bajo,5.771999999999999,0,0,0.16584300655097114
13.1,55.2,Medio,21.0,25.32,Bajo,9.408,1,0,0.2703137570394208
12.1,71.1,Medio,2.0,1.2,Bajo,0.5780000000000001,0,0,0.016607286518790947
6.9,57.6,Medio,27.0,24.39,Alto,11.448,1,1,0.32892770945868294
11.4,69.6,Bajo,22.0,13.43,Bajo,6.6880000000000015,0,0,0.19216182048040462
13.4,60.8,Medio,41.0,1.0,Bajo,16.072,0,0,0.4617860016090105
11.8,68.9,Alto,41.0,2.8,Bajo,12.750999999999998,0,0,0.36636593495000574
12.0,82.7,Bajo,11.0,1.0,Bajo,1.9029999999999996,0,0,0.05467762326169405
14.9,69.9,Bajo,28.0,26.63,Bajo,8.427999999999999,1,0,0.2421560740144811
16.6,92.9,Alto,29.0,4.73,Bajo,2.0589999999999984,0,0,0.05915986668199054
4.4,97.1,Alto,4.0,10.9,Bajo,0.11600000000000023,0,0,0.00333295023560511
10.0,61.2,Bajo,19.0,5.58,Alto,7.371999999999999,0,1,0.21181473393862774
14.1,65.4,Bajo,11.0,13.62,Bajo,3.805999999999999,0,0,0.1093552465233881
11.9,66.8,Bajo,25.0,8.34,Bajo,8.3,0,0,0.2384783358234686
19.5,75.6,Bajo,25.0,27.16,Bajo,6.100000000000001,1,0,0.17526721066544082
11.7,93.1,Alto,2.0,1.05,Bajo,0.13800000000000012,0,0,0.003965061487185385
10.3,98.2,Alto,17.0,1.2,Bajo,0.3059999999999995,0,0,0.00879209286288931
8.9,77.1,Medio,41.0,3.62,Bajo,9.389000000000003,0,0,0.26976784277669247
7.1,82.9,Medio,46.0,1.0,Bajo,7.865999999999997,0,0,0.22600850476956666
9.9,81.8,Alto,47.0,14.01,Bajo,8.554,0,0,0.2457763475462591
11.8,72.8,Alto,14.0,2.83,Bajo,3.8080000000000007,0,0,0.10941271118262272
15.1,77.1,Bajo,28.0,5.97,Bajo,6.412000000000002,0,0,0.18423169750603385
20.0,68.3,Bajo,27.0,18.82,Bajo,8.559000000000001,1,0,0.24592000919434553
15.3,72.7,Medio,13.0,6.85,Bajo,3.549,0,0,0.10197103781174578
13.8,82.4,Bajo,1.0,8.47,Bajo,0.17599999999999993,0,0,0.005056890012642224
16.6,85.4,Medio,10.0,1.21,Bajo,1.4599999999999995,0,0,0.04194920124123663
15.9,61.9,Bajo,17.0,5.18,Bajo,6.477,0,0,0.18609929893115737
9.6,73.4,Medio,3.0,2.74,Bajo,0.7979999999999998,0,0,0.022928399034593722
7.7,63.5,Bajo,9.0,10.35,Alto,3.285,0,1,0.09438570279278245
10.0,65.6,Medio,36.0,9.93,Alto,12.384,0,0,0.3558211699804621
12.7,89.7,Alto,12.0,16.45,Bajo,1.2359999999999998,1,0,0.035513159406964714
16.0,62.7,Alto,32.0,27.38,Bajo,11.936,1,0,0.3429490863119182
16.2,73.1,Bajo,23.0,7.27,Bajo,6.187000000000001,0,0,0.17776692334214464
14.2,58.5,Bajo,20.0,5.54,Bajo,8.3,0,0,0.2384783358234686
8.3,61.4,Bajo,2.0,3.23,Alto,0.772,0,0,0.022181358464544308
10.7,57.8,Medio,1.0,1.0,Alto,0.42200000000000004,0,0,0.012125043098494428
12.4,66.9,Alto,20.0,1.66,Bajo,6.619999999999999,0,0,0.19020802206642914
17.0,73.5,Bajo,40.0,28.49,Bajo,10.6,1,0,0.30456269394322494
8.9,96.3,Bajo,2.0,26.45,Bajo,0.07400000000000005,1,0,0.002126192391679119
12.5,89.5,Medio,42.0,1.67,Bajo,4.41,0,0,0.1267095736122285
9.0,100.0,Alto,12.0,9.33,Bajo,0.0,0,0,0.0
6.2,66.2,Bajo,4.0,11.4,Alto,1.3519999999999999,0,0,0.03884610964256982
15.5,96.6,Alto,35.0,4.67,Bajo,1.190000000000002,0,0,0.03419147224456965
2.1,70.8,Bajo,7.0,6.74,Bajo,2.0440000000000005,0,0,0.05872888173773132
16.4,53.6,Medio,24.0,4.55,Bajo,11.136,0,0,0.3199632226180899
15.9,78.0,Alto,15.0,4.75,Bajo,3.3,0,0,0.09481668773704173
14.7,70.7,Medio,44.0,3.13,Bajo,12.891999999999998,0,0,0.37041719342604296
8.6,82.7,Medio,9.0,13.53,Bajo,1.557,0,0,0.04473623721411332
13.7,64.8,Medio,46.0,14.18,Bajo,16.192,0,0,0.4652338811630848
17.5,78.8,Alto,1.0,1.0,Bajo,0.21200000000000002,0,0,0.0060912538788645
19.9,72.2,Medio,29.0,25.68,Bajo,8.062,1,0,0.23164004137455466
10.4,71.6,Medio,20.0,3.56,Bajo,5.6800000000000015,0,0,0.16319963222618097
10.4,64.9,Medio,19.0,4.69,Alto,6.668999999999999,0,0,0.1916159062176761
18.1,88.4,Medio,16.0,4.24,Bajo,1.855999999999999,0,0,0.05332720376968162
10.0,66.4,Medio,43.0,13.85,Alto,14.447999999999997,0,0,0.415124698310539
13.5,79.5,Bajo,5.0,23.97,Bajo,1.025,1,1,0.029450637857717506
14.7,80.8,Medio,20.0,1.37,Bajo,3.8400000000000007,0,0,0.11033214573037585
12.5,100.0,Alto,42.0,21.38,Bajo,0.0,1,0,0.0
11.5,71.5,Medio,32.0,6.08,Bajo,9.12,0,0,0.26203884610964256
14.3,74.1,Medio,40.0,10.09,Bajo,10.360000000000003,0,0,0.29766693483507656
8.1,81.9,Medio,24.0,7.39,Bajo,4.3439999999999985,0,0,0.12481323985748762
11.6,95.5,Bajo,24.0,9.94,Bajo,1.08,0,0,0.031030915986668205
8.1,70.2,Medio,35.0,1.96,Bajo,10.43,0,0,0.2996781979082864
10.4,73.5,Alto,16.0,11.81,Bajo,4.24,0,0,0.12182507757728998
15.9,78.0,Medio,35.0,11.25,Bajo,7.7,0,0,0.22123893805309738
14.9,99.0,Alto,29.0,24.96,Bajo,0.29,1,0,0.008332375589012758
13.5,83.0,Bajo,25.0,4.02,Bajo,4.25,0,0,0.12211240087346284
12.8,65.1,Alto,26.0,14.6,Bajo,9.074000000000002,0,0,0.2607171589472475
15.6,68.6,Bajo,20.0,11.97,Bajo,6.280000000000001,0,0,0.18043902999655217
4.7,89.8,Bajo,2.0,3.67,Bajo,0.20400000000000007,0,0,0.005861395241926218
14.6,65.3,Medio,34.0,19.48,Bajo,11.798000000000002,1,0,0.3389840248247329
8.4,49.5,Alto,20.0,33.34,Alto,10.1,1,1,0.29019652913458227
11.7,60.6,Alto,36.0,5.99,Bajo,14.184,0,0,0.4075393632915757
12.2,77.7,Bajo,24.0,3.95,Bajo,5.351999999999999,0,0,0.1537754281117113
